county,profile,source_features,target_field,source_field,observed_value,normalized_value,count,resolved_target_value,status,approved_target_value,note
Beaver,beaver,C:\Mac\Home\Documents\working\utrans\county_obtained\Beaver\BeaverCo_20260604.gdb\Beaver_Roads2025,DOT_CLASS,CLASS,ATV,ATV,63,,review,,no matching value
Beaver,beaver,C:\Mac\Home\Documents\working\utrans\county_obtained\Beaver\BeaverCo_20260604.gdb\Beaver_Roads2025,DOT_CLASS,CLASS,F1,F1,3,,review,,no matching value
Beaver,beaver,C:\Mac\Home\Documents\working\utrans\county_obtained\Beaver\BeaverCo_20260604.gdb\Beaver_Roads2025,DOT_CLASS,CLASS,F2,F2,70,,review,,no matching value
Beaver,beaver,C:\Mac\Home\Documents\working\utrans\county_obtained\Beaver\BeaverCo_20260604.gdb\Beaver_Roads2025,DOT_CLASS,CLASS,NT,NT,29,,review,,no matching value
Beaver,beaver,C:\Mac\Home\Documents\working\utrans\county_obtained\Beaver\BeaverCo_20260604.gdb\Beaver_Roads2025,DOT_CLASS,CLASS,X,X,271,,review,,no matching value
Beaver,beaver,C:\Mac\Home\Documents\working\utrans\county_obtained\Beaver\BeaverCo_20260604.gdb\Beaver_Roads2025,DOT_SRFTYP,SURFTYPE,0,0,6662,,review,,no matching value
Beaver,beaver,C:\Mac\Home\Documents\working\utrans\county_obtained\Beaver\BeaverCo_20260604.gdb\Beaver_Roads2025,DOT_SRFTYP,SURFTYPE,100,100,778,,review,P,
Beaver,beaver,C:\Mac\Home\Documents\working\utrans\county_obtained\Beaver\BeaverCo_20260604.gdb\Beaver_Roads2025,DOT_SRFTYP,SURFTYPE,110,110,1,,review,P,
Beaver,beaver,C:\Mac\Home\Documents\working\utrans\county_obtained\Beaver\BeaverCo_20260604.gdb\Beaver_Roads2025,DOT_SRFTYP,SURFTYPE,115,115,99,,review,P,
Beaver,beaver,C:\Mac\Home\Documents\working\utrans\county_obtained\Beaver\BeaverCo_20260604.gdb\Beaver_Roads2025,DOT_SRFTYP,SURFTYPE,200,200,322,,review,I,
Beaver,beaver,C:\Mac\Home\Documents\working\utrans\county_obtained\Beaver\BeaverCo_20260604.gdb\Beaver_Roads2025,DOT_SRFTYP,SURFTYPE,210,210,48,,review,I,
Beaver,beaver,C:\Mac\Home\Documents\working\utrans\county_obtained\Beaver\BeaverCo_20260604.gdb\Beaver_Roads2025,DOT_SRFTYP,SURFTYPE,211,211,3,,review,I,
Beaver,beaver,C:\Mac\Home\Documents\working\utrans\county_obtained\Beaver\BeaverCo_20260604.gdb\Beaver_Roads2025,DOT_SRFTYP,SURFTYPE,213,213,29,,review,,no matching value
Beaver,beaver,C:\Mac\Home\Documents\working\utrans\county_obtained\Beaver\BeaverCo_20260604.gdb\Beaver_Roads2025,DOT_SRFTYP,SURFTYPE,223,223,5,,review,I,
Beaver,beaver,C:\Mac\Home\Documents\working\utrans\county_obtained\Beaver\BeaverCo_20260604.gdb\Beaver_Roads2025,DOT_SRFTYP,SURFTYPE,300,300,539,,review,N,
Beaver,beaver,C:\Mac\Home\Documents\working\utrans\county_obtained\Beaver\BeaverCo_20260604.gdb\Beaver_Roads2025,DOT_SRFTYP,SURFTYPE,310,310,47,,review,N,
Beaver,beaver,C:\Mac\Home\Documents\working\utrans\county_obtained\Beaver\BeaverCo_20260604.gdb\Beaver_Roads2025,DOT_SRFTYP,SURFTYPE,320,320,61,,review,N,
Beaver,beaver,C:\Mac\Home\Documents\working\utrans\county_obtained\Beaver\BeaverCo_20260604.gdb\Beaver_Roads2025,DOT_SRFTYP,SURFTYPE,355,355,9,,review,,no matching value
Beaver,beaver,C:\Mac\Home\Documents\working\utrans\county_obtained\Beaver\BeaverCo_20260604.gdb\Beaver_Roads2025,DOT_SRFTYP,SURFTYPE,400,400,6,,review,,no matching value
Beaver,beaver,C:\Mac\Home\Documents\working\utrans\county_obtained\Beaver\BeaverCo_20260604.gdb\Beaver_Roads2025,DOT_SRFTYP,SURFTYPE,430,430,1,,review,,no matching value
Beaver,beaver,C:\Mac\Home\Documents\working\utrans\county_obtained\Beaver\BeaverCo_20260604.gdb\Beaver_Roads2025,DOT_SRFTYP,SURFTYPE,450,450,30,,review,,no matching value
Beaver,beaver,C:\Mac\Home\Documents\working\utrans\county_obtained\Beaver\BeaverCo_20260604.gdb\Beaver_Roads2025,DOT_SRFTYP,SURFTYPE,999,999,9,,review,U,
Beaver,beaver,C:\Mac\Home\Documents\working\utrans\county_obtained\Beaver\BeaverCo_20260604.gdb\Beaver_Roads2025,POSTTYPE,STREETTYPE,Cr,CR,1,,review,CIR,assuming Circle and not Creek
Beaver,beaver,C:\Mac\Home\Documents\working\utrans\county_obtained\Beaver\BeaverCo_20260604.gdb\Beaver_Roads2025,POSTTYPE,STREETTYPE,TR,TR,16,,review,TER,assuming Terrace and not Trail
Daggett,daggett,C:\Mac\Home\Documents\working\utrans\county_obtained\Daggett\DaggettCo_20210515.gdb\Centerlines,DOT_SRFTYP,S_SURF2,0,0,510,,review,,no matching value
Daggett,daggett,C:\Mac\Home\Documents\working\utrans\county_obtained\Daggett\DaggettCo_20210515.gdb\Centerlines,DOT_SRFTYP,S_SURF2,Gravel,GRAVEL,1,,review,I,
Daggett,daggett,C:\Mac\Home\Documents\working\utrans\county_obtained\Daggett\DaggettCo_20210515.gdb\Centerlines,DOT_SRFTYP,S_SURF2,Improv_Agg/gravel,IMPROV_AGG/GRAVEL,33,,review,I,
Daggett,daggett,C:\Mac\Home\Documents\working\utrans\county_obtained\Daggett\DaggettCo_20210515.gdb\Centerlines,DOT_SRFTYP,S_SURF2,Maintain_Native,MAINTAIN_NATIVE,35,,review,N,
Daggett,daggett,C:\Mac\Home\Documents\working\utrans\county_obtained\Daggett\DaggettCo_20210515.gdb\Centerlines,DOT_SRFTYP,S_SURF2,Paved_Asphalt,PAVED_ASPHALT,42,,review,P-ASP,
Daggett,daggett,C:\Mac\Home\Documents\working\utrans\county_obtained\Daggett\DaggettCo_20210515.gdb\Centerlines,SPEED_LMT,SPD_LMT,0,0,1492,,review,25,defaulting to 25
Daggett,daggett,C:\Mac\Home\Documents\working\utrans\county_obtained\Daggett\DaggettCo_20210515.gdb\Centerlines,STATUS,S_STATUS,A,A,469,,review,ACTIVE,
Davis,davis,C:\Mac\Home\Documents\working\utrans\county_obtained\Davis\DavisCounty_20260722.gdb\DavisRoads,DOT_SRFTYP,RoadSurfaceType,Asphalt,ASPHALT,20945,,review,P-ASP,
Davis,davis,C:\Mac\Home\Documents\working\utrans\county_obtained\Davis\DavisCounty_20260722.gdb\DavisRoads,DOT_SRFTYP,RoadSurfaceType,Concrete,CONCRETE,104,,review,P-CON,
Davis,davis,C:\Mac\Home\Documents\working\utrans\county_obtained\Davis\DavisCounty_20260722.gdb\DavisRoads,DOT_SRFTYP,RoadSurfaceType,Gravel,GRAVEL,5,,review,I,
Davis,davis,C:\Mac\Home\Documents\working\utrans\county_obtained\Davis\DavisCounty_20260722.gdb\DavisRoads,POSTTYPE,RoadNameType,Cswy,CSWY,1,,review,,no matching value
Davis,davis,C:\Mac\Home\Documents\working\utrans\county_obtained\Davis\DavisCounty_20260722.gdb\DavisRoads,POSTTYPE,RoadNameType,Pne,PNE,1,,review,,no matching value
Davis,davis,C:\Mac\Home\Documents\working\utrans\county_obtained\Davis\DavisCounty_20260722.gdb\DavisRoads,POSTTYPE,RoadNameType,Wy,WY,806,,review,WAY,this is the correct format
Davis,davis,C:\Mac\Home\Documents\working\utrans\county_obtained\Davis\DavisCounty_20260722.gdb\DavisRoads,PREDIR,PrefixDirection,EB,EB,287,,review,,"no matching value in PREDIR field, part of NAME"
Davis,davis,C:\Mac\Home\Documents\working\utrans\county_obtained\Davis\DavisCounty_20260722.gdb\DavisRoads,PREDIR,PrefixDirection,NB,NB,648,,review,,"no matching value in PREDIR field, part of NAME"
Davis,davis,C:\Mac\Home\Documents\working\utrans\county_obtained\Davis\DavisCounty_20260722.gdb\DavisRoads,PREDIR,PrefixDirection,SB,SB,621,,review,,"no matching value in PREDIR field, part of NAME"
Davis,davis,C:\Mac\Home\Documents\working\utrans\county_obtained\Davis\DavisCounty_20260722.gdb\DavisRoads,PREDIR,PrefixDirection,WB,WB,297,,review,,"no matching value in PREDIR field, part of NAME"
Duchesne,duchesne,C:\Mac\Home\Documents\working\utrans\county_obtained\Duchesne\DuchesneCo_20191009.gdb\Centerlines,DOT_SRFTYP,SURFTYPE,300,300,1,,review,N,
Duchesne,duchesne,C:\Mac\Home\Documents\working\utrans\county_obtained\Duchesne\DuchesneCo_20191009.gdb\Centerlines,DOT_SRFTYP,SURFTYPE,GRAVEL,GRAVEL,2,,review,I,
Duchesne,duchesne,C:\Mac\Home\Documents\working\utrans\county_obtained\Duchesne\DuchesneCo_20191009.gdb\Centerlines,DOT_SRFTYP,SURFTYPE,OTHER,OTHER,37,,review,,no matching value
Emery,emery,C:\Mac\Home\Documents\working\utrans\county_obtained\Emery\EmeryCo_20260611.gdb\Roads,DOT_SRFTYP,S_SURF2,300,300,3,,review,N,
Emery,emery,C:\Mac\Home\Documents\working\utrans\county_obtained\Emery\EmeryCo_20260611.gdb\Roads,DOT_SRFTYP,S_SURF2,320,320,1,,review,N,
Emery,emery,C:\Mac\Home\Documents\working\utrans\county_obtained\Emery\EmeryCo_20260611.gdb\Roads,DOT_SRFTYP,S_SURF2,<Null>,<NULL>,1,,review,,no matching value
Emery,emery,C:\Mac\Home\Documents\working\utrans\county_obtained\Emery\EmeryCo_20260611.gdb\Roads,DOT_SRFTYP,S_SURF2,Maintained Native,MAINTAINED NATIVE,1,,review,N,
Emery,emery,C:\Mac\Home\Documents\working\utrans\county_obtained\Emery\EmeryCo_20260611.gdb\Roads,SPEED_LMT,SPD_LMT,0,0,6178,,review,,no matching value
Grand,grand,C:\Mac\Home\Documents\working\utrans\county_obtained\Grand\GrandCo_20260722.gdb\GC_ROADS_07_09_26,DOT_CLASS,CLASS,ap,AP,15,,review,,no matching value
Grand,grand,C:\Mac\Home\Documents\working\utrans\county_obtained\Grand\GrandCo_20260722.gdb\GC_ROADS_07_09_26,DOT_CLASS,CLASS,blm,BLM,23,,review,F,
Grand,grand,C:\Mac\Home\Documents\working\utrans\county_obtained\Grand\GrandCo_20260722.gdb\GC_ROADS_07_09_26,DOT_CLASS,CLASS,co,CO,6,,review,,no matching value
Grand,grand,C:\Mac\Home\Documents\working\utrans\county_obtained\Grand\GrandCo_20260722.gdb\GC_ROADS_07_09_26,DOT_CLASS,CLASS,dwr,DWR,1,,review,A,
Grand,grand,C:\Mac\Home\Documents\working\utrans\county_obtained\Grand\GrandCo_20260722.gdb\GC_ROADS_07_09_26,DOT_CLASS,CLASS,fs,FS,181,,review,F,
Grand,grand,C:\Mac\Home\Documents\working\utrans\county_obtained\Grand\GrandCo_20260722.gdb\GC_ROADS_07_09_26,DOT_CLASS,CLASS,ind,IND,203,,review,,no matching value
Grand,grand,C:\Mac\Home\Documents\working\utrans\county_obtained\Grand\GrandCo_20260722.gdb\GC_ROADS_07_09_26,DOT_CLASS,CLASS,pr,PR,407,,review,,no matching value
Grand,grand,C:\Mac\Home\Documents\working\utrans\county_obtained\Grand\GrandCo_20260722.gdb\GC_ROADS_07_09_26,DOT_CLASS,CLASS,rr,RR,7,,review,,no matching value
Grand,grand,C:\Mac\Home\Documents\working\utrans\county_obtained\Grand\GrandCo_20260722.gdb\GC_ROADS_07_09_26,DOT_CLASS,CLASS,sj,SJ,2,,review,,no matching value
Grand,grand,C:\Mac\Home\Documents\working\utrans\county_obtained\Grand\GrandCo_20260722.gdb\GC_ROADS_07_09_26,DOT_CLASS,CLASS,sp,SP,27,,review,,no matching value
Grand,grand,C:\Mac\Home\Documents\working\utrans\county_obtained\Grand\GrandCo_20260722.gdb\GC_ROADS_07_09_26,DOT_CLASS,CLASS,u,U,5,,review,,no matching value
Grand,grand,C:\Mac\Home\Documents\working\utrans\county_obtained\Grand\GrandCo_20260722.gdb\GC_ROADS_07_09_26,DOT_CLASS,CLASS,wld,WLD,1,,review,,no matching value
Grand,grand,C:\Mac\Home\Documents\working\utrans\county_obtained\Grand\GrandCo_20260722.gdb\GC_ROADS_07_09_26,DOT_SRFTYP,SURFTYPE,100,100,1773,,review,P,
Grand,grand,C:\Mac\Home\Documents\working\utrans\county_obtained\Grand\GrandCo_20260722.gdb\GC_ROADS_07_09_26,DOT_SRFTYP,SURFTYPE,200,200,986,,review,I,
Grand,grand,C:\Mac\Home\Documents\working\utrans\county_obtained\Grand\GrandCo_20260722.gdb\GC_ROADS_07_09_26,DOT_SRFTYP,SURFTYPE,200,200,1,,review,I,
Grand,grand,C:\Mac\Home\Documents\working\utrans\county_obtained\Grand\GrandCo_20260722.gdb\GC_ROADS_07_09_26,DOT_SRFTYP,SURFTYPE,300,300,20968,,review,N,
Grand,grand,C:\Mac\Home\Documents\working\utrans\county_obtained\Grand\GrandCo_20260722.gdb\GC_ROADS_07_09_26,SPEED_LMT,SPEED,0,0,239,,review,25,
Iron,iron,C:\Mac\Home\Documents\working\utrans\county_obtained\Iron\Iron_20260625.gdb\Iron_Roads06_25_2026,DOT_SRFTYP,SURFTYPE,100,100,3045,,review,P,
Iron,iron,C:\Mac\Home\Documents\working\utrans\county_obtained\Iron\Iron_20260625.gdb\Iron_Roads06_25_2026,DOT_SRFTYP,SURFTYPE,200,200,2739,,review,I,
Iron,iron,C:\Mac\Home\Documents\working\utrans\county_obtained\Iron\Iron_20260625.gdb\Iron_Roads06_25_2026,DOT_SRFTYP,SURFTYPE,300,300,2460,,review,N,
Iron,iron,C:\Mac\Home\Documents\working\utrans\county_obtained\Iron\Iron_20260625.gdb\Iron_Roads06_25_2026,DOT_SRFTYP,SURFTYPE,999,999,4014,,review,U,
Iron,iron,C:\Mac\Home\Documents\working\utrans\county_obtained\Iron\Iron_20260625.gdb\Iron_Roads06_25_2026,DOT_SRFTYP,SURFTYPE,OTHER,OTHER,17,,review,,no matching value
Iron,iron,C:\Mac\Home\Documents\working\utrans\county_obtained\Iron\Iron_20260625.gdb\Iron_Roads06_25_2026,POSTDIR,SUFDIR,.,.,1,,review,,no matching value
Iron,iron,C:\Mac\Home\Documents\working\utrans\county_obtained\Iron\Iron_20260625.gdb\Iron_Roads06_25_2026,POSTTYPE,STREETTYPE,c,C,1,,review,,no enough info
Iron,iron,C:\Mac\Home\Documents\working\utrans\county_obtained\Iron\Iron_20260625.gdb\Iron_Roads06_25_2026,POSTTYPE,STREETTYPE,DIR,DIR,1,,review,DR,
Iron,iron,C:\Mac\Home\Documents\working\utrans\county_obtained\Iron\Iron_20260625.gdb\Iron_Roads06_25_2026,POSTTYPE,STREETTYPE,LP,LP,6,,review,LOOP,
Iron,iron,C:\Mac\Home\Documents\working\utrans\county_obtained\Iron\Iron_20260625.gdb\Iron_Roads06_25_2026,POSTTYPE,STREETTYPE,RDE,RDE,1,,review,RD,"Road, Route (RTE) or Ridge (RDG)?"
Iron,iron,C:\Mac\Home\Documents\working\utrans\county_obtained\Iron\Iron_20260625.gdb\Iron_Roads06_25_2026,POSTTYPE,STREETTYPE,TR,TR,5,,review,,"no matching value, could be Terrace (TER) or Trail (TRL)"
Iron,iron,C:\Mac\Home\Documents\working\utrans\county_obtained\Iron\Iron_20260625.gdb\Iron_Roads06_25_2026,POSTTYPE,STREETTYPE,W,W,2,,review,,no matching value
Iron,iron,C:\Mac\Home\Documents\working\utrans\county_obtained\Iron\Iron_20260625.gdb\Iron_Roads06_25_2026,POSTTYPE,STREETTYPE,WY,WY,9,,review,WAY,
Kane,kane,C:\Mac\Home\Documents\working\utrans\county_obtained\Kane\KaneCo_20250915.gdb\Kane_Street_Centerlines,DOT_SRFTYP,SURFTYPE,100,100,1016,,review,,no matching value
Kane,kane,C:\Mac\Home\Documents\working\utrans\county_obtained\Kane\KaneCo_20250915.gdb\Kane_Street_Centerlines,DOT_SRFTYP,SURFTYPE,200,200,662,,review,,no matching value
Kane,kane,C:\Mac\Home\Documents\working\utrans\county_obtained\Kane\KaneCo_20250915.gdb\Kane_Street_Centerlines,DOT_SRFTYP,SURFTYPE,300,300,3148,,review,,no matching value
Kane,kane,C:\Mac\Home\Documents\working\utrans\county_obtained\Kane\KaneCo_20250915.gdb\Kane_Street_Centerlines,DOT_SRFTYP,SURFTYPE,999,999,3,,review,,no matching value
Kane,kane,C:\Mac\Home\Documents\working\utrans\county_obtained\Kane\KaneCo_20250915.gdb\Kane_Street_Centerlines,POSTTYPE,STREETTYPE,0,0,1,,review,,no matching value
Kane,kane,C:\Mac\Home\Documents\working\utrans\county_obtained\Kane\KaneCo_20250915.gdb\Kane_Street_Centerlines,POSTTYPE,STREETTYPE,LP,LP,1,,review,LOOP,assume should be Loop
Kane,kane,C:\Mac\Home\Documents\working\utrans\county_obtained\Kane\KaneCo_20250915.gdb\Kane_Street_Centerlines,POSTTYPE,STREETTYPE,SST,SST,1,,review,ST,assume typo for Street
Kane,kane,C:\Mac\Home\Documents\working\utrans\county_obtained\Kane\KaneCo_20250915.gdb\Kane_Street_Centerlines,POSTTYPE,STREETTYPE,TR,TR,2,,review,TER,assuming Terrace and not Trail
Kane,kane,C:\Mac\Home\Documents\working\utrans\county_obtained\Kane\KaneCo_20250915.gdb\Kane_Street_Centerlines,POSTTYPE,STREETTYPE,WY,WY,4,,review,WAY,
Kane,kane,C:\Mac\Home\Documents\working\utrans\county_obtained\Kane\KaneCo_20250915.gdb\Kane_Street_Centerlines,SPEED_LMT,SPEED,0,0,57,,review,25,defaulting to 25
Morgan,morgan,C:\Mac\Home\Documents\working\utrans\county_obtained\Morgan\MorganCo_20260519.gdb\Centerlines_May26,DOT_CLASS,roadclass,Collector,COLLECTOR,50,,review,,"should be DOT_FCLASS, prefer UDOT to apply classes"
Morgan,morgan,C:\Mac\Home\Documents\working\utrans\county_obtained\Morgan\MorganCo_20260519.gdb\Centerlines_May26,DOT_CLASS,roadclass,Freeway,FREEWAY,28,,review,,"should be DOT_FCLASS, prefer UDOT to apply classes"
Morgan,morgan,C:\Mac\Home\Documents\working\utrans\county_obtained\Morgan\MorganCo_20260519.gdb\Centerlines_May26,DOT_CLASS,roadclass,Highway,HIGHWAY,43,,review,,"should be DOT_FCLASS, prefer UDOT to apply classes"
Morgan,morgan,C:\Mac\Home\Documents\working\utrans\county_obtained\Morgan\MorganCo_20260519.gdb\Centerlines_May26,DOT_CLASS,roadclass,Local,LOCAL,712,,review,,"should be DOT_FCLASS, prefer UDOT to apply classes"
Morgan,morgan,C:\Mac\Home\Documents\working\utrans\county_obtained\Morgan\MorganCo_20260519.gdb\Centerlines_May26,DOT_CLASS,roadclass,Minor Arterial,MINOR ARTERIAL,90,,review,,"should be DOT_FCLASS, prefer UDOT to apply classes"
Morgan,morgan,C:\Mac\Home\Documents\working\utrans\county_obtained\Morgan\MorganCo_20260519.gdb\Centerlines_May26,DOT_CLASS,roadclass,Ramp,RAMP,22,,review,,"should be DOT_FCLASS, prefer UDOT to apply classes"
Rich,rich,C:\Mac\Home\Documents\working\utrans\county_obtained\Rich\RichCo_20211115.gdb\E911_RichRoads11_3_21,DOT_SRFTYP,S_SURF,0,0,2861,,review,,no matching value
Rich,rich,C:\Mac\Home\Documents\working\utrans\county_obtained\Rich\RichCo_20211115.gdb\E911_RichRoads11_3_21,DOT_SRFTYP,S_SURF,100,100,7,,review,P,
Rich,rich,C:\Mac\Home\Documents\working\utrans\county_obtained\Rich\RichCo_20211115.gdb\E911_RichRoads11_3_21,DOT_SRFTYP,S_SURF,115,115,141,,review,P,
Rich,rich,C:\Mac\Home\Documents\working\utrans\county_obtained\Rich\RichCo_20211115.gdb\E911_RichRoads11_3_21,DOT_SRFTYP,S_SURF,20,20,1,,review,,no matching value
Rich,rich,C:\Mac\Home\Documents\working\utrans\county_obtained\Rich\RichCo_20211115.gdb\E911_RichRoads11_3_21,DOT_SRFTYP,S_SURF,200,200,94,,review,I,
Rich,rich,C:\Mac\Home\Documents\working\utrans\county_obtained\Rich\RichCo_20211115.gdb\E911_RichRoads11_3_21,DOT_SRFTYP,S_SURF,210,210,234,,review,I,
Rich,rich,C:\Mac\Home\Documents\working\utrans\county_obtained\Rich\RichCo_20211115.gdb\E911_RichRoads11_3_21,DOT_SRFTYP,S_SURF,211,211,85,,review,I,
Rich,rich,C:\Mac\Home\Documents\working\utrans\county_obtained\Rich\RichCo_20211115.gdb\E911_RichRoads11_3_21,DOT_SRFTYP,S_SURF,221,221,19,,review,I,
Rich,rich,C:\Mac\Home\Documents\working\utrans\county_obtained\Rich\RichCo_20211115.gdb\E911_RichRoads11_3_21,DOT_SRFTYP,S_SURF,223,223,19,,review,I,
Rich,rich,C:\Mac\Home\Documents\working\utrans\county_obtained\Rich\RichCo_20211115.gdb\E911_RichRoads11_3_21,DOT_SRFTYP,S_SURF,300,300,413,,review,N,
Rich,rich,C:\Mac\Home\Documents\working\utrans\county_obtained\Rich\RichCo_20211115.gdb\E911_RichRoads11_3_21,DOT_SRFTYP,S_SURF,310,310,15,,review,N,
Rich,rich,C:\Mac\Home\Documents\working\utrans\county_obtained\Rich\RichCo_20211115.gdb\E911_RichRoads11_3_21,DOT_SRFTYP,S_SURF,320,320,78,,review,N,
Rich,rich,C:\Mac\Home\Documents\working\utrans\county_obtained\Rich\RichCo_20211115.gdb\E911_RichRoads11_3_21,DOT_SRFTYP,S_SURF,430,430,60,,review,,no matching value
Rich,rich,C:\Mac\Home\Documents\working\utrans\county_obtained\Rich\RichCo_20211115.gdb\E911_RichRoads11_3_21,DOT_SRFTYP,S_SURF,440,440,2,,review,,no matching value
Rich,rich,C:\Mac\Home\Documents\working\utrans\county_obtained\Rich\RichCo_20211115.gdb\E911_RichRoads11_3_21,POSTTYPE,S_TYPE,CR,CR,5,,review,CIR,assume should be Circle
Rich,rich,C:\Mac\Home\Documents\working\utrans\county_obtained\Rich\RichCo_20211115.gdb\E911_RichRoads11_3_21,SPEED_LMT,SPD_LMT,0,0,4020,,review,25,defaulting to 25
SanJuan,sanjuan,C:\Mac\Home\Documents\working\utrans\county_obtained\SanJuan\SanJuanRoads_20250808.gdb\T2025SanJuanRoads,DOT_CLASS,CLASS,ARIZONA,ARIZONA,11,,review,,no matching value
SanJuan,sanjuan,C:\Mac\Home\Documents\working\utrans\county_obtained\SanJuan\SanJuanRoads_20250808.gdb\T2025SanJuanRoads,DOT_CLASS,CLASS,B Road,B ROAD,1053,,review,B,
SanJuan,sanjuan,C:\Mac\Home\Documents\working\utrans\county_obtained\SanJuan\SanJuanRoads_20250808.gdb\T2025SanJuanRoads,DOT_CLASS,CLASS,C Road,C ROAD,174,,review,C,
SanJuan,sanjuan,C:\Mac\Home\Documents\working\utrans\county_obtained\SanJuan\SanJuanRoads_20250808.gdb\T2025SanJuanRoads,DOT_CLASS,CLASS,Colorado,COLORADO,9,,review,,no matching value
SanJuan,sanjuan,C:\Mac\Home\Documents\working\utrans\county_obtained\SanJuan\SanJuanRoads_20250808.gdb\T2025SanJuanRoads,DOT_CLASS,CLASS,D Road,D ROAD,5553,,review,D,
SanJuan,sanjuan,C:\Mac\Home\Documents\working\utrans\county_obtained\SanJuan\SanJuanRoads_20250808.gdb\T2025SanJuanRoads,DOT_CLASS,CLASS,Federal,FEDERAL,27,,review,F,
SanJuan,sanjuan,C:\Mac\Home\Documents\working\utrans\county_obtained\SanJuan\SanJuanRoads_20250808.gdb\T2025SanJuanRoads,DOT_CLASS,CLASS,GRAND,GRAND,13,,review,,no matching value
SanJuan,sanjuan,C:\Mac\Home\Documents\working\utrans\county_obtained\SanJuan\SanJuanRoads_20250808.gdb\T2025SanJuanRoads,DOT_CLASS,CLASS,NDOT,NDOT,228,,review,,no matching value
SanJuan,sanjuan,C:\Mac\Home\Documents\working\utrans\county_obtained\SanJuan\SanJuanRoads_20250808.gdb\T2025SanJuanRoads,DOT_CLASS,CLASS,Private,PRIVATE,1,,review,P,
SanJuan,sanjuan,C:\Mac\Home\Documents\working\utrans\county_obtained\SanJuan\SanJuanRoads_20250808.gdb\T2025SanJuanRoads,DOT_CLASS,CLASS,Private Road,PRIVATE ROAD,3,,review,P,
SanJuan,sanjuan,C:\Mac\Home\Documents\working\utrans\county_obtained\SanJuan\SanJuanRoads_20250808.gdb\T2025SanJuanRoads,DOT_CLASS,CLASS,Reservation,RESERVATION,1635,,review,,no matching value
SanJuan,sanjuan,C:\Mac\Home\Documents\working\utrans\county_obtained\SanJuan\SanJuanRoads_20250808.gdb\T2025SanJuanRoads,DOT_CLASS,CLASS,State Highway,STATE HIGHWAY,12,A,review,A,
SanJuan,sanjuan,C:\Mac\Home\Documents\working\utrans\county_obtained\SanJuan\SanJuanRoads_20250808.gdb\T2025SanJuanRoads,DOT_CLASS,CLASS,UDOT,UDOT,3,A,review,A,
SanJuan,sanjuan,C:\Mac\Home\Documents\working\utrans\county_obtained\SanJuan\SanJuanRoads_20250808.gdb\T2025SanJuanRoads,DOT_CLASS,CLASS,US Highway,US HIGHWAY,16,A,review,A,
Sevier,sevier,C:\Mac\Home\Documents\working\utrans\county_obtained\Sevier\SevierCo_20260514.gdb\SC911DataUpdate_260511,POSTTYPE,S_TYPE,BIKE,BIKE,30,,review,,no matching value
Sevier,sevier,C:\Mac\Home\Documents\working\utrans\county_obtained\Sevier\SevierCo_20260514.gdb\SC911DataUpdate_260511,PREDIR,PRE_DIR,C,C,1,,review,,no matching value
Uintah,uintah,C:\Mac\Home\Documents\working\utrans\county_obtained\Uintah\UintahCo20260423.gdb\Roads,SPEED_LMT,SPD_LMT,0,0,9008,,review,25,defaulting to 25
Utah,utah,C:\Mac\Home\Documents\working\utrans\county_obtained\Utah\UtahCo_20260824.gdb\RoadCenterline,POSTTYPE,ROADTYPE,CORR,CORR,35,,review,,no matching value
Utah,utah,C:\Mac\Home\Documents\working\utrans\county_obtained\Utah\UtahCo_20260824.gdb\RoadCenterline,POSTTYPE,ROADTYPE,OFF,OFF,80,,review,RAMP,
Utah,utah,C:\Mac\Home\Documents\working\utrans\county_obtained\Utah\UtahCo_20260824.gdb\RoadCenterline,POSTTYPE,ROADTYPE,ON,ON,85,,review,RAMP,
Wayne,wayne,C:\Mac\Home\Documents\working\utrans\county_obtained\Wayne\WayneCo_20260414.gdb\WayneCoRds_20260409,DOT_CLASS,CLASS,?,?,4,,review,,no matching value
Wayne,wayne,C:\Mac\Home\Documents\working\utrans\county_obtained\Wayne\WayneCo_20260414.gdb\WayneCoRds_20260409,DOT_CLASS,CLASS,TBD,TBD,16,,review,,no matching value
Wayne,wayne,C:\Mac\Home\Documents\working\utrans\county_obtained\Wayne\WayneCo_20260414.gdb\WayneCoRds_20260409,DOT_CLASS,CLASS,TR,TR,2,,review,,no matching value - seems like a trail designation
Wayne,wayne,C:\Mac\Home\Documents\working\utrans\county_obtained\Wayne\WayneCo_20260414.gdb\WayneCoRds_20260409,DOT_CLASS,CLASS,TRL,TRL,18,,review,,no matching value - seems like a trail designation
Wayne,wayne,C:\Mac\Home\Documents\working\utrans\county_obtained\Wayne\WayneCo_20260414.gdb\WayneCoRds_20260409,DOT_SRFTYP,S_SURF2,0,0,6,,review,,no matching value
Wayne,wayne,C:\Mac\Home\Documents\working\utrans\county_obtained\Wayne\WayneCo_20260414.gdb\WayneCoRds_20260409,DOT_SRFTYP,S_SURF2,100,100,19,,review,P,
Wayne,wayne,C:\Mac\Home\Documents\working\utrans\county_obtained\Wayne\WayneCo_20260414.gdb\WayneCoRds_20260409,DOT_SRFTYP,S_SURF2,115,115,16,,review,P,
Wayne,wayne,C:\Mac\Home\Documents\working\utrans\county_obtained\Wayne\WayneCo_20260414.gdb\WayneCoRds_20260409,DOT_SRFTYP,S_SURF2,200,200,34,,review,I,
Wayne,wayne,C:\Mac\Home\Documents\working\utrans\county_obtained\Wayne\WayneCo_20260414.gdb\WayneCoRds_20260409,DOT_SRFTYP,S_SURF2,91409 SEGMENT RANGE COR,91409 SEGMENT RANGE COR,2,,review,,no matching value
Wayne,wayne,C:\Mac\Home\Documents\working\utrans\county_obtained\Wayne\WayneCo_20260414.gdb\WayneCoRds_20260409,DOT_SRFTYP,S_SURF2,GRAVEL,GRAVEL,8,,review,I,
Wayne,wayne,C:\Mac\Home\Documents\working\utrans\county_obtained\Wayne\WayneCo_20260414.gdb\WayneCoRds_20260409,DOT_SRFTYP,S_SURF2,Improv_Agg/gravel,IMPROV_AGG/GRAVEL,166,,review,I,
Wayne,wayne,C:\Mac\Home\Documents\working\utrans\county_obtained\Wayne\WayneCo_20260414.gdb\WayneCoRds_20260409,DOT_SRFTYP,S_SURF2,Improv_Crushed_agg,IMPROV_CRUSHED_AGG,12,,review,I,
Wayne,wayne,C:\Mac\Home\Documents\working\utrans\county_obtained\Wayne\WayneCo_20260414.gdb\WayneCoRds_20260409,DOT_SRFTYP,S_SURF2,Improv_gravel,IMPROV_GRAVEL,5,,review,I,
Wayne,wayne,C:\Mac\Home\Documents\working\utrans\county_obtained\Wayne\WayneCo_20260414.gdb\WayneCoRds_20260409,DOT_SRFTYP,S_SURF2,Improv_Mag_chlorid,IMPROV_MAG_CHLORID,1,,review,I,
Wayne,wayne,C:\Mac\Home\Documents\working\utrans\county_obtained\Wayne\WayneCo_20260414.gdb\WayneCoRds_20260409,DOT_SRFTYP,S_SURF2,Improv_Oiled,IMPROV_OILED,16,,review,,no matching value
Wayne,wayne,C:\Mac\Home\Documents\working\utrans\county_obtained\Wayne\WayneCo_20260414.gdb\WayneCoRds_20260409,DOT_SRFTYP,S_SURF2,Paved_Asphalt,PAVED_ASPHALT,136,,review,P-ASP,
Wayne,wayne,C:\Mac\Home\Documents\working\utrans\county_obtained\Wayne\WayneCo_20260414.gdb\WayneCoRds_20260409,PREDIR,PRE_DIR,c,C,1,,review,,no matching value
Weber,weber,C:\Mac\Home\Documents\working\utrans\county_obtained\Weber\WeberCounty_20260729.gdb\weber_centerline,POSTTYPE,STREETTYPE,CRT,CRT,1,,review,CT,typo for Court
Weber,weber,C:\Mac\Home\Documents\working\utrans\county_obtained\Weber\WeberCounty_20260729.gdb\weber_centerline,POSTTYPE,STREETTYPE,RR,RR,108,,review,,no matching value - railroad features
Weber,weber,C:\Mac\Home\Documents\working\utrans\county_obtained\Weber\WeberCounty_20260729.gdb\weber_centerline,SPEED_LMT,SPEEDLIMIT,0,0,195,,review,25,defaulting to 25
Weber,weber,C:\Mac\Home\Documents\working\utrans\county_obtained\Weber\WeberCounty_20260729.gdb\weber_centerline,SPEED_LMT,SPEEDLIMIT,1,1,1,,review,25,defaulting to 25
Weber,weber,C:\Mac\Home\Documents\working\utrans\county_obtained\Weber\WeberCounty_20260729.gdb\weber_centerline,SPEED_LMT,SPEEDLIMIT,10,10,1,,review,10,not sure why this wouldn't match
Weber,weber,C:\Mac\Home\Documents\working\utrans\county_obtained\Weber\WeberCounty_20260729.gdb\weber_centerline,SPEED_LMT,SPEEDLIMIT,15,15,7,,review,15,not sure why this wouldn't match
Weber,weber,C:\Mac\Home\Documents\working\utrans\county_obtained\Weber\WeberCounty_20260729.gdb\weber_centerline,SPEED_LMT,SPEEDLIMIT,19,19,4,,review,20,
Weber,weber,C:\Mac\Home\Documents\working\utrans\county_obtained\Weber\WeberCounty_20260729.gdb\weber_centerline,SPEED_LMT,SPEEDLIMIT,25,25,12513,,review,25,not sure why this wouldn't match
Weber,weber,C:\Mac\Home\Documents\working\utrans\county_obtained\Weber\WeberCounty_20260729.gdb\weber_centerline,SPEED_LMT,SPEEDLIMIT,30,30,493,,review,30,not sure why this wouldn't match
Weber,weber,C:\Mac\Home\Documents\working\utrans\county_obtained\Weber\WeberCounty_20260729.gdb\weber_centerline,SPEED_LMT,SPEEDLIMIT,35,35,911,,review,35,not sure why this wouldn't match
Weber,weber,C:\Mac\Home\Documents\working\utrans\county_obtained\Weber\WeberCounty_20260729.gdb\weber_centerline,SPEED_LMT,SPEEDLIMIT,40,40,476,,review,40,not sure why this wouldn't match
Weber,weber,C:\Mac\Home\Documents\working\utrans\county_obtained\Weber\WeberCounty_20260729.gdb\weber_centerline,SPEED_LMT,SPEEDLIMIT,45,45,116,,review,45,not sure why this wouldn't match
Weber,weber,C:\Mac\Home\Documents\working\utrans\county_obtained\Weber\WeberCounty_20260729.gdb\weber_centerline,SPEED_LMT,SPEEDLIMIT,50,50,261,,review,50,not sure why this wouldn't match
Weber,weber,C:\Mac\Home\Documents\working\utrans\county_obtained\Weber\WeberCounty_20260729.gdb\weber_centerline,SPEED_LMT,SPEEDLIMIT,55,55,164,,review,55,not sure why this wouldn't match
Weber,weber,C:\Mac\Home\Documents\working\utrans\county_obtained\Weber\WeberCounty_20260729.gdb\weber_centerline,SPEED_LMT,SPEEDLIMIT,60,60,4,,review,60,not sure why this wouldn't match
Weber,weber,C:\Mac\Home\Documents\working\utrans\county_obtained\Weber\WeberCounty_20260729.gdb\weber_centerline,SPEED_LMT,SPEEDLIMIT,65,65,15,,review,65,not sure why this wouldn't match