county,profile,source_features,target_field,source_field,observed_value,normalized_value,count,resolved_target_value,status
Beaver,beaver,C:\Mac\Home\Documents\working\utrans\county_obtained\Beaver\BeaverCo_20260604.gdb\Beaver_Roads2025,DOT_CLASS,CLASS,A,A,239,A,resolved
Beaver,beaver,C:\Mac\Home\Documents\working\utrans\county_obtained\Beaver\BeaverCo_20260604.gdb\Beaver_Roads2025,DOT_CLASS,CLASS,ATV,ATV,63,,review
Beaver,beaver,C:\Mac\Home\Documents\working\utrans\county_obtained\Beaver\BeaverCo_20260604.gdb\Beaver_Roads2025,DOT_CLASS,CLASS,B,B,688,B,resolved
Beaver,beaver,C:\Mac\Home\Documents\working\utrans\county_obtained\Beaver\BeaverCo_20260604.gdb\Beaver_Roads2025,DOT_CLASS,CLASS,C,C,702,C,resolved
Beaver,beaver,C:\Mac\Home\Documents\working\utrans\county_obtained\Beaver\BeaverCo_20260604.gdb\Beaver_Roads2025,DOT_CLASS,CLASS,D,D,914,D,resolved
Beaver,beaver,C:\Mac\Home\Documents\working\utrans\county_obtained\Beaver\BeaverCo_20260604.gdb\Beaver_Roads2025,DOT_CLASS,CLASS,F,F,5,F,resolved
Beaver,beaver,C:\Mac\Home\Documents\working\utrans\county_obtained\Beaver\BeaverCo_20260604.gdb\Beaver_Roads2025,DOT_CLASS,CLASS,F1,F1,3,,review
Beaver,beaver,C:\Mac\Home\Documents\working\utrans\county_obtained\Beaver\BeaverCo_20260604.gdb\Beaver_Roads2025,DOT_CLASS,CLASS,F2,F2,70,,review
Beaver,beaver,C:\Mac\Home\Documents\working\utrans\county_obtained\Beaver\BeaverCo_20260604.gdb\Beaver_Roads2025,DOT_CLASS,CLASS,NT,NT,29,,review
Beaver,beaver,C:\Mac\Home\Documents\working\utrans\county_obtained\Beaver\BeaverCo_20260604.gdb\Beaver_Roads2025,DOT_CLASS,CLASS,X,X,271,,review
Beaver,beaver,C:\Mac\Home\Documents\working\utrans\county_obtained\Beaver\BeaverCo_20260604.gdb\Beaver_Roads2025,DOT_SRFTYP,SURFTYPE,0,0,6662,,review
Beaver,beaver,C:\Mac\Home\Documents\working\utrans\county_obtained\Beaver\BeaverCo_20260604.gdb\Beaver_Roads2025,DOT_SRFTYP,SURFTYPE,100,100,778,,review
Beaver,beaver,C:\Mac\Home\Documents\working\utrans\county_obtained\Beaver\BeaverCo_20260604.gdb\Beaver_Roads2025,DOT_SRFTYP,SURFTYPE,110,110,1,,review
Beaver,beaver,C:\Mac\Home\Documents\working\utrans\county_obtained\Beaver\BeaverCo_20260604.gdb\Beaver_Roads2025,DOT_SRFTYP,SURFTYPE,115,115,99,,review
Beaver,beaver,C:\Mac\Home\Documents\working\utrans\county_obtained\Beaver\BeaverCo_20260604.gdb\Beaver_Roads2025,DOT_SRFTYP,SURFTYPE,200,200,322,,review
Beaver,beaver,C:\Mac\Home\Documents\working\utrans\county_obtained\Beaver\BeaverCo_20260604.gdb\Beaver_Roads2025,DOT_SRFTYP,SURFTYPE,210,210,48,,review
Beaver,beaver,C:\Mac\Home\Documents\working\utrans\county_obtained\Beaver\BeaverCo_20260604.gdb\Beaver_Roads2025,DOT_SRFTYP,SURFTYPE,211,211,3,,review
Beaver,beaver,C:\Mac\Home\Documents\working\utrans\county_obtained\Beaver\BeaverCo_20260604.gdb\Beaver_Roads2025,DOT_SRFTYP,SURFTYPE,213,213,29,,review
Beaver,beaver,C:\Mac\Home\Documents\working\utrans\county_obtained\Beaver\BeaverCo_20260604.gdb\Beaver_Roads2025,DOT_SRFTYP,SURFTYPE,223,223,5,,review
Beaver,beaver,C:\Mac\Home\Documents\working\utrans\county_obtained\Beaver\BeaverCo_20260604.gdb\Beaver_Roads2025,DOT_SRFTYP,SURFTYPE,300,300,539,,review
Beaver,beaver,C:\Mac\Home\Documents\working\utrans\county_obtained\Beaver\BeaverCo_20260604.gdb\Beaver_Roads2025,DOT_SRFTYP,SURFTYPE,310,310,47,,review
Beaver,beaver,C:\Mac\Home\Documents\working\utrans\county_obtained\Beaver\BeaverCo_20260604.gdb\Beaver_Roads2025,DOT_SRFTYP,SURFTYPE,320,320,61,,review
Beaver,beaver,C:\Mac\Home\Documents\working\utrans\county_obtained\Beaver\BeaverCo_20260604.gdb\Beaver_Roads2025,DOT_SRFTYP,SURFTYPE,355,355,9,,review
Beaver,beaver,C:\Mac\Home\Documents\working\utrans\county_obtained\Beaver\BeaverCo_20260604.gdb\Beaver_Roads2025,DOT_SRFTYP,SURFTYPE,400,400,6,,review
Beaver,beaver,C:\Mac\Home\Documents\working\utrans\county_obtained\Beaver\BeaverCo_20260604.gdb\Beaver_Roads2025,DOT_SRFTYP,SURFTYPE,430,430,1,,review
Beaver,beaver,C:\Mac\Home\Documents\working\utrans\county_obtained\Beaver\BeaverCo_20260604.gdb\Beaver_Roads2025,DOT_SRFTYP,SURFTYPE,450,450,30,,review
Beaver,beaver,C:\Mac\Home\Documents\working\utrans\county_obtained\Beaver\BeaverCo_20260604.gdb\Beaver_Roads2025,DOT_SRFTYP,SURFTYPE,999,999,9,,review
Beaver,beaver,C:\Mac\Home\Documents\working\utrans\county_obtained\Beaver\BeaverCo_20260604.gdb\Beaver_Roads2025,POSTDIR,SUFDIR,E,E,144,E,resolved
Beaver,beaver,C:\Mac\Home\Documents\working\utrans\county_obtained\Beaver\BeaverCo_20260604.gdb\Beaver_Roads2025,POSTDIR,SUFDIR,N,N,212,N,resolved
Beaver,beaver,C:\Mac\Home\Documents\working\utrans\county_obtained\Beaver\BeaverCo_20260604.gdb\Beaver_Roads2025,POSTDIR,SUFDIR,S,S,166,S,resolved
Beaver,beaver,C:\Mac\Home\Documents\working\utrans\county_obtained\Beaver\BeaverCo_20260604.gdb\Beaver_Roads2025,POSTDIR,SUFDIR,W,W,250,W,resolved
Beaver,beaver,C:\Mac\Home\Documents\working\utrans\county_obtained\Beaver\BeaverCo_20260604.gdb\Beaver_Roads2025,POSTTYPE,STREETTYPE,AVE,AVE,17,AVE,resolved
Beaver,beaver,C:\Mac\Home\Documents\working\utrans\county_obtained\Beaver\BeaverCo_20260604.gdb\Beaver_Roads2025,POSTTYPE,STREETTYPE,Cir,CIR,10,CIR,resolved
Beaver,beaver,C:\Mac\Home\Documents\working\utrans\county_obtained\Beaver\BeaverCo_20260604.gdb\Beaver_Roads2025,POSTTYPE,STREETTYPE,Cr,CR,1,,review
Beaver,beaver,C:\Mac\Home\Documents\working\utrans\county_obtained\Beaver\BeaverCo_20260604.gdb\Beaver_Roads2025,POSTTYPE,STREETTYPE,CT,CT,2,CT,resolved
Beaver,beaver,C:\Mac\Home\Documents\working\utrans\county_obtained\Beaver\BeaverCo_20260604.gdb\Beaver_Roads2025,POSTTYPE,STREETTYPE,DR,DR,68,DR,resolved
Beaver,beaver,C:\Mac\Home\Documents\working\utrans\county_obtained\Beaver\BeaverCo_20260604.gdb\Beaver_Roads2025,POSTTYPE,STREETTYPE,FWY,FWY,50,FWY,resolved
Beaver,beaver,C:\Mac\Home\Documents\working\utrans\county_obtained\Beaver\BeaverCo_20260604.gdb\Beaver_Roads2025,POSTTYPE,STREETTYPE,HWY,HWY,81,HWY,resolved
Beaver,beaver,C:\Mac\Home\Documents\working\utrans\county_obtained\Beaver\BeaverCo_20260604.gdb\Beaver_Roads2025,POSTTYPE,STREETTYPE,LN,LN,82,LN,resolved
Beaver,beaver,C:\Mac\Home\Documents\working\utrans\county_obtained\Beaver\BeaverCo_20260604.gdb\Beaver_Roads2025,POSTTYPE,STREETTYPE,LOOP,LOOP,3,LOOP,resolved
Beaver,beaver,C:\Mac\Home\Documents\working\utrans\county_obtained\Beaver\BeaverCo_20260604.gdb\Beaver_Roads2025,POSTTYPE,STREETTYPE,PL,PL,2,PL,resolved
Beaver,beaver,C:\Mac\Home\Documents\working\utrans\county_obtained\Beaver\BeaverCo_20260604.gdb\Beaver_Roads2025,POSTTYPE,STREETTYPE,RAMP,RAMP,13,RAMP,resolved
Beaver,beaver,C:\Mac\Home\Documents\working\utrans\county_obtained\Beaver\BeaverCo_20260604.gdb\Beaver_Roads2025,POSTTYPE,STREETTYPE,RD,RD,308,RD,resolved
Beaver,beaver,C:\Mac\Home\Documents\working\utrans\county_obtained\Beaver\BeaverCo_20260604.gdb\Beaver_Roads2025,POSTTYPE,STREETTYPE,ST,ST,511,ST,resolved
Beaver,beaver,C:\Mac\Home\Documents\working\utrans\county_obtained\Beaver\BeaverCo_20260604.gdb\Beaver_Roads2025,POSTTYPE,STREETTYPE,TR,TR,16,,review
Beaver,beaver,C:\Mac\Home\Documents\working\utrans\county_obtained\Beaver\BeaverCo_20260604.gdb\Beaver_Roads2025,POSTTYPE,STREETTYPE,TRL,TRL,6,TRL,resolved
Beaver,beaver,C:\Mac\Home\Documents\working\utrans\county_obtained\Beaver\BeaverCo_20260604.gdb\Beaver_Roads2025,POSTTYPE,STREETTYPE,Way,WAY,9,WAY,resolved
Beaver,beaver,C:\Mac\Home\Documents\working\utrans\county_obtained\Beaver\BeaverCo_20260604.gdb\Beaver_Roads2025,VERT_LEVEL,VERTLEVEL,1,1,3,1,resolved
Beaver,beaver,C:\Mac\Home\Documents\working\utrans\county_obtained\Beaver\BeaverCo_20260604.gdb\Beaver_Roads2025,VERT_LEVEL,VERTLEVEL,2,2,15,2,resolved
BoxElder,boxelder,C:\Mac\Home\Documents\working\utrans\county_obtained\BoxElder\BoxElder_20260624.gdb\BECO_RDS,DOT_CLASS,CLASS,A,A,929,A,resolved
BoxElder,boxelder,C:\Mac\Home\Documents\working\utrans\county_obtained\BoxElder\BoxElder_20260624.gdb\BECO_RDS,DOT_CLASS,CLASS,B,B,1623,B,resolved
BoxElder,boxelder,C:\Mac\Home\Documents\working\utrans\county_obtained\BoxElder\BoxElder_20260624.gdb\BECO_RDS,DOT_CLASS,CLASS,C,C,5,C,resolved
BoxElder,boxelder,C:\Mac\Home\Documents\working\utrans\county_obtained\BoxElder\BoxElder_20260624.gdb\BECO_RDS,DOT_CLASS,CLASS,D,D,593,D,resolved
BoxElder,boxelder,C:\Mac\Home\Documents\working\utrans\county_obtained\BoxElder\BoxElder_20260624.gdb\BECO_RDS,POSTDIR,SUF_DIR,E,E,310,E,resolved
BoxElder,boxelder,C:\Mac\Home\Documents\working\utrans\county_obtained\BoxElder\BoxElder_20260624.gdb\BECO_RDS,POSTDIR,SUF_DIR,N,N,1288,N,resolved
BoxElder,boxelder,C:\Mac\Home\Documents\working\utrans\county_obtained\BoxElder\BoxElder_20260624.gdb\BECO_RDS,POSTDIR,SUF_DIR,S,S,675,S,resolved
BoxElder,boxelder,C:\Mac\Home\Documents\working\utrans\county_obtained\BoxElder\BoxElder_20260624.gdb\BECO_RDS,POSTDIR,SUF_DIR,W,W,1594,W,resolved
BoxElder,boxelder,C:\Mac\Home\Documents\working\utrans\county_obtained\BoxElder\BoxElder_20260624.gdb\BECO_RDS,POSTTYPE,S_TYPE,AVE,AVE,40,AVE,resolved
BoxElder,boxelder,C:\Mac\Home\Documents\working\utrans\county_obtained\BoxElder\BoxElder_20260624.gdb\BECO_RDS,POSTTYPE,S_TYPE,BLVD,BLVD,24,BLVD,resolved
BoxElder,boxelder,C:\Mac\Home\Documents\working\utrans\county_obtained\BoxElder\BoxElder_20260624.gdb\BECO_RDS,POSTTYPE,S_TYPE,CIR,CIR,34,CIR,resolved
BoxElder,boxelder,C:\Mac\Home\Documents\working\utrans\county_obtained\BoxElder\BoxElder_20260624.gdb\BECO_RDS,POSTTYPE,S_TYPE,CT,CT,5,CT,resolved
BoxElder,boxelder,C:\Mac\Home\Documents\working\utrans\county_obtained\BoxElder\BoxElder_20260624.gdb\BECO_RDS,POSTTYPE,S_TYPE,DR,DR,294,DR,resolved
BoxElder,boxelder,C:\Mac\Home\Documents\working\utrans\county_obtained\BoxElder\BoxElder_20260624.gdb\BECO_RDS,POSTTYPE,S_TYPE,FWY,FWY,201,FWY,resolved
BoxElder,boxelder,C:\Mac\Home\Documents\working\utrans\county_obtained\BoxElder\BoxElder_20260624.gdb\BECO_RDS,POSTTYPE,S_TYPE,LANE,LANE,1,LN,resolved
BoxElder,boxelder,C:\Mac\Home\Documents\working\utrans\county_obtained\BoxElder\BoxElder_20260624.gdb\BECO_RDS,POSTTYPE,S_TYPE,LN,LN,45,LN,resolved
BoxElder,boxelder,C:\Mac\Home\Documents\working\utrans\county_obtained\BoxElder\BoxElder_20260624.gdb\BECO_RDS,POSTTYPE,S_TYPE,LOOP,LOOP,34,LOOP,resolved
BoxElder,boxelder,C:\Mac\Home\Documents\working\utrans\county_obtained\BoxElder\BoxElder_20260624.gdb\BECO_RDS,POSTTYPE,S_TYPE,PL,PL,20,PL,resolved
BoxElder,boxelder,C:\Mac\Home\Documents\working\utrans\county_obtained\BoxElder\BoxElder_20260624.gdb\BECO_RDS,POSTTYPE,S_TYPE,RAMP,RAMP,143,RAMP,resolved
BoxElder,boxelder,C:\Mac\Home\Documents\working\utrans\county_obtained\BoxElder\BoxElder_20260624.gdb\BECO_RDS,POSTTYPE,S_TYPE,RD,RD,1325,RD,resolved
BoxElder,boxelder,C:\Mac\Home\Documents\working\utrans\county_obtained\BoxElder\BoxElder_20260624.gdb\BECO_RDS,POSTTYPE,S_TYPE,ST,ST,325,ST,resolved
BoxElder,boxelder,C:\Mac\Home\Documents\working\utrans\county_obtained\BoxElder\BoxElder_20260624.gdb\BECO_RDS,POSTTYPE,S_TYPE,TRL,TRL,4,TRL,resolved
BoxElder,boxelder,C:\Mac\Home\Documents\working\utrans\county_obtained\BoxElder\BoxElder_20260624.gdb\BECO_RDS,POSTTYPE,S_TYPE,WAY,WAY,38,WAY,resolved
BoxElder,boxelder,C:\Mac\Home\Documents\working\utrans\county_obtained\BoxElder\BoxElder_20260624.gdb\BECO_RDS,PREDIR,PRE_DIR,E,E,503,E,resolved
BoxElder,boxelder,C:\Mac\Home\Documents\working\utrans\county_obtained\BoxElder\BoxElder_20260624.gdb\BECO_RDS,PREDIR,PRE_DIR,N,N,1762,N,resolved
BoxElder,boxelder,C:\Mac\Home\Documents\working\utrans\county_obtained\BoxElder\BoxElder_20260624.gdb\BECO_RDS,PREDIR,PRE_DIR,S,S,962,S,resolved
BoxElder,boxelder,C:\Mac\Home\Documents\working\utrans\county_obtained\BoxElder\BoxElder_20260624.gdb\BECO_RDS,PREDIR,PRE_DIR,W,W,2162,W,resolved
BoxElder,boxelder,C:\Mac\Home\Documents\working\utrans\county_obtained\BoxElder\BoxElder_20260624.gdb\BECO_RDS,VERT_LEVEL,VERTLEVEL,0.0,0.0,11511,,review
Daggett,daggett,C:\Mac\Home\Documents\working\utrans\county_obtained\Daggett\DaggettCo_20210515.gdb\Centerlines,A2_POSTTYPE,ALIAS2_TYP,RD,RD,15,RD,resolved
Daggett,daggett,C:\Mac\Home\Documents\working\utrans\county_obtained\Daggett\DaggettCo_20210515.gdb\Centerlines,DOT_CLASS,CLASS,A,A,7,A,resolved
Daggett,daggett,C:\Mac\Home\Documents\working\utrans\county_obtained\Daggett\DaggettCo_20210515.gdb\Centerlines,DOT_CLASS,CLASS,B,B,298,B,resolved
Daggett,daggett,C:\Mac\Home\Documents\working\utrans\county_obtained\Daggett\DaggettCo_20210515.gdb\Centerlines,DOT_CLASS,CLASS,C,C,69,C,resolved
Daggett,daggett,C:\Mac\Home\Documents\working\utrans\county_obtained\Daggett\DaggettCo_20210515.gdb\Centerlines,DOT_CLASS,CLASS,D,D,220,D,resolved
Daggett,daggett,C:\Mac\Home\Documents\working\utrans\county_obtained\Daggett\DaggettCo_20210515.gdb\Centerlines,DOT_SRFTYP,S_SURF2,0,0,510,,review
Daggett,daggett,C:\Mac\Home\Documents\working\utrans\county_obtained\Daggett\DaggettCo_20210515.gdb\Centerlines,DOT_SRFTYP,S_SURF2,Gravel,GRAVEL,1,,review
Daggett,daggett,C:\Mac\Home\Documents\working\utrans\county_obtained\Daggett\DaggettCo_20210515.gdb\Centerlines,DOT_SRFTYP,S_SURF2,Improved,IMPROVED,393,I,resolved
Daggett,daggett,C:\Mac\Home\Documents\working\utrans\county_obtained\Daggett\DaggettCo_20210515.gdb\Centerlines,DOT_SRFTYP,S_SURF2,Improv_Agg/gravel,IMPROV_AGG/GRAVEL,33,,review
Daggett,daggett,C:\Mac\Home\Documents\working\utrans\county_obtained\Daggett\DaggettCo_20210515.gdb\Centerlines,DOT_SRFTYP,S_SURF2,Maintain_Native,MAINTAIN_NATIVE,35,,review
Daggett,daggett,C:\Mac\Home\Documents\working\utrans\county_obtained\Daggett\DaggettCo_20210515.gdb\Centerlines,DOT_SRFTYP,S_SURF2,Native,NATIVE,138,N,resolved
Daggett,daggett,C:\Mac\Home\Documents\working\utrans\county_obtained\Daggett\DaggettCo_20210515.gdb\Centerlines,DOT_SRFTYP,S_SURF2,Paved,PAVED,132,P,resolved
Daggett,daggett,C:\Mac\Home\Documents\working\utrans\county_obtained\Daggett\DaggettCo_20210515.gdb\Centerlines,DOT_SRFTYP,S_SURF2,Paved_Asphalt,PAVED_ASPHALT,42,,review
Daggett,daggett,C:\Mac\Home\Documents\working\utrans\county_obtained\Daggett\DaggettCo_20210515.gdb\Centerlines,ONEWAY,ONE_WAY,0,0,1665,0,resolved
Daggett,daggett,C:\Mac\Home\Documents\working\utrans\county_obtained\Daggett\DaggettCo_20210515.gdb\Centerlines,POSTTYPE,S_TYPE,AVE,AVE,15,AVE,resolved
Daggett,daggett,C:\Mac\Home\Documents\working\utrans\county_obtained\Daggett\DaggettCo_20210515.gdb\Centerlines,POSTTYPE,S_TYPE,BLVD,BLVD,8,BLVD,resolved
Daggett,daggett,C:\Mac\Home\Documents\working\utrans\county_obtained\Daggett\DaggettCo_20210515.gdb\Centerlines,POSTTYPE,S_TYPE,CIR,CIR,10,CIR,resolved
Daggett,daggett,C:\Mac\Home\Documents\working\utrans\county_obtained\Daggett\DaggettCo_20210515.gdb\Centerlines,POSTTYPE,S_TYPE,DR,DR,43,DR,resolved
Daggett,daggett,C:\Mac\Home\Documents\working\utrans\county_obtained\Daggett\DaggettCo_20210515.gdb\Centerlines,POSTTYPE,S_TYPE,HWY,HWY,77,HWY,resolved
Daggett,daggett,C:\Mac\Home\Documents\working\utrans\county_obtained\Daggett\DaggettCo_20210515.gdb\Centerlines,POSTTYPE,S_TYPE,LANE,LANE,1,LN,resolved
Daggett,daggett,C:\Mac\Home\Documents\working\utrans\county_obtained\Daggett\DaggettCo_20210515.gdb\Centerlines,POSTTYPE,S_TYPE,LN,LN,96,LN,resolved
Daggett,daggett,C:\Mac\Home\Documents\working\utrans\county_obtained\Daggett\DaggettCo_20210515.gdb\Centerlines,POSTTYPE,S_TYPE,LOOP,LOOP,24,LOOP,resolved
Daggett,daggett,C:\Mac\Home\Documents\working\utrans\county_obtained\Daggett\DaggettCo_20210515.gdb\Centerlines,POSTTYPE,S_TYPE,PKWY,PKWY,2,PKWY,resolved
Daggett,daggett,C:\Mac\Home\Documents\working\utrans\county_obtained\Daggett\DaggettCo_20210515.gdb\Centerlines,POSTTYPE,S_TYPE,RD,RD,662,RD,resolved
Daggett,daggett,C:\Mac\Home\Documents\working\utrans\county_obtained\Daggett\DaggettCo_20210515.gdb\Centerlines,POSTTYPE,S_TYPE,ST,ST,38,ST,resolved
Daggett,daggett,C:\Mac\Home\Documents\working\utrans\county_obtained\Daggett\DaggettCo_20210515.gdb\Centerlines,POSTTYPE,S_TYPE,TRL,TRL,3,TRL,resolved
Daggett,daggett,C:\Mac\Home\Documents\working\utrans\county_obtained\Daggett\DaggettCo_20210515.gdb\Centerlines,POSTTYPE,S_TYPE,WAY,WAY,28,WAY,resolved
Daggett,daggett,C:\Mac\Home\Documents\working\utrans\county_obtained\Daggett\DaggettCo_20210515.gdb\Centerlines,PREDIR,PRE_DIR,E,E,178,E,resolved
Daggett,daggett,C:\Mac\Home\Documents\working\utrans\county_obtained\Daggett\DaggettCo_20210515.gdb\Centerlines,PREDIR,PRE_DIR,N,N,154,N,resolved
Daggett,daggett,C:\Mac\Home\Documents\working\utrans\county_obtained\Daggett\DaggettCo_20210515.gdb\Centerlines,PREDIR,PRE_DIR,S,S,166,S,resolved
Daggett,daggett,C:\Mac\Home\Documents\working\utrans\county_obtained\Daggett\DaggettCo_20210515.gdb\Centerlines,PREDIR,PRE_DIR,W,W,135,W,resolved
Daggett,daggett,C:\Mac\Home\Documents\working\utrans\county_obtained\Daggett\DaggettCo_20210515.gdb\Centerlines,SPEED_LMT,SPD_LMT,0,0,1492,,review
Daggett,daggett,C:\Mac\Home\Documents\working\utrans\county_obtained\Daggett\DaggettCo_20210515.gdb\Centerlines,SPEED_LMT,SPD_LMT,10,10,15,10,resolved
Daggett,daggett,C:\Mac\Home\Documents\working\utrans\county_obtained\Daggett\DaggettCo_20210515.gdb\Centerlines,SPEED_LMT,SPD_LMT,15,15,14,15,resolved
Daggett,daggett,C:\Mac\Home\Documents\working\utrans\county_obtained\Daggett\DaggettCo_20210515.gdb\Centerlines,SPEED_LMT,SPD_LMT,20,20,14,20,resolved
Daggett,daggett,C:\Mac\Home\Documents\working\utrans\county_obtained\Daggett\DaggettCo_20210515.gdb\Centerlines,SPEED_LMT,SPD_LMT,25,25,54,25,resolved
Daggett,daggett,C:\Mac\Home\Documents\working\utrans\county_obtained\Daggett\DaggettCo_20210515.gdb\Centerlines,SPEED_LMT,SPD_LMT,30,30,9,30,resolved
Daggett,daggett,C:\Mac\Home\Documents\working\utrans\county_obtained\Daggett\DaggettCo_20210515.gdb\Centerlines,SPEED_LMT,SPD_LMT,35,35,8,35,resolved
Daggett,daggett,C:\Mac\Home\Documents\working\utrans\county_obtained\Daggett\DaggettCo_20210515.gdb\Centerlines,SPEED_LMT,SPD_LMT,40,40,15,40,resolved
Daggett,daggett,C:\Mac\Home\Documents\working\utrans\county_obtained\Daggett\DaggettCo_20210515.gdb\Centerlines,SPEED_LMT,SPD_LMT,45,45,2,45,resolved
Daggett,daggett,C:\Mac\Home\Documents\working\utrans\county_obtained\Daggett\DaggettCo_20210515.gdb\Centerlines,SPEED_LMT,SPD_LMT,5,5,6,5,resolved
Daggett,daggett,C:\Mac\Home\Documents\working\utrans\county_obtained\Daggett\DaggettCo_20210515.gdb\Centerlines,SPEED_LMT,SPD_LMT,55,55,36,55,resolved
Daggett,daggett,C:\Mac\Home\Documents\working\utrans\county_obtained\Daggett\DaggettCo_20210515.gdb\Centerlines,STATUS,S_STATUS,A,A,469,,review
Davis,davis,C:\Mac\Home\Documents\working\utrans\county_obtained\Davis\DavisCounty_20260722.gdb\DavisRoads,DOT_SRFTYP,RoadSurfaceType,Asphalt,ASPHALT,20945,,review
Davis,davis,C:\Mac\Home\Documents\working\utrans\county_obtained\Davis\DavisCounty_20260722.gdb\DavisRoads,DOT_SRFTYP,RoadSurfaceType,Concrete,CONCRETE,104,,review
Davis,davis,C:\Mac\Home\Documents\working\utrans\county_obtained\Davis\DavisCounty_20260722.gdb\DavisRoads,DOT_SRFTYP,RoadSurfaceType,Dirt,DIRT,85,D,resolved
Davis,davis,C:\Mac\Home\Documents\working\utrans\county_obtained\Davis\DavisCounty_20260722.gdb\DavisRoads,DOT_SRFTYP,RoadSurfaceType,Gravel,GRAVEL,5,,review
Davis,davis,C:\Mac\Home\Documents\working\utrans\county_obtained\Davis\DavisCounty_20260722.gdb\DavisRoads,DOT_SRFTYP,RoadSurfaceType,Unknown,UNKNOWN,46,U,resolved
Davis,davis,C:\Mac\Home\Documents\working\utrans\county_obtained\Davis\DavisCounty_20260722.gdb\DavisRoads,POSTDIR,PostDirection,E,E,1770,E,resolved
Davis,davis,C:\Mac\Home\Documents\working\utrans\county_obtained\Davis\DavisCounty_20260722.gdb\DavisRoads,POSTDIR,PostDirection,N,N,2928,N,resolved
Davis,davis,C:\Mac\Home\Documents\working\utrans\county_obtained\Davis\DavisCounty_20260722.gdb\DavisRoads,POSTDIR,PostDirection,S,S,2571,S,resolved
Davis,davis,C:\Mac\Home\Documents\working\utrans\county_obtained\Davis\DavisCounty_20260722.gdb\DavisRoads,POSTDIR,PostDirection,W,W,3745,W,resolved
Davis,davis,C:\Mac\Home\Documents\working\utrans\county_obtained\Davis\DavisCounty_20260722.gdb\DavisRoads,POSTTYPE,RoadNameType,Ave,AVE,267,AVE,resolved
Davis,davis,C:\Mac\Home\Documents\working\utrans\county_obtained\Davis\DavisCounty_20260722.gdb\DavisRoads,POSTTYPE,RoadNameType,Blvd,BLVD,185,BLVD,resolved
Davis,davis,C:\Mac\Home\Documents\working\utrans\county_obtained\Davis\DavisCounty_20260722.gdb\DavisRoads,POSTTYPE,RoadNameType,Bnd,BND,4,BND,resolved
Davis,davis,C:\Mac\Home\Documents\working\utrans\county_obtained\Davis\DavisCounty_20260722.gdb\DavisRoads,POSTTYPE,RoadNameType,Cir,CIR,586,CIR,resolved
Davis,davis,C:\Mac\Home\Documents\working\utrans\county_obtained\Davis\DavisCounty_20260722.gdb\DavisRoads,POSTTYPE,RoadNameType,Cor,COR,3,COR,resolved
Davis,davis,C:\Mac\Home\Documents\working\utrans\county_obtained\Davis\DavisCounty_20260722.gdb\DavisRoads,POSTTYPE,RoadNameType,Crk,CRK,1,CRK,resolved
Davis,davis,C:\Mac\Home\Documents\working\utrans\county_obtained\Davis\DavisCounty_20260722.gdb\DavisRoads,POSTTYPE,RoadNameType,Cswy,CSWY,1,,review
Davis,davis,C:\Mac\Home\Documents\working\utrans\county_obtained\Davis\DavisCounty_20260722.gdb\DavisRoads,POSTTYPE,RoadNameType,Ct,CT,226,CT,resolved
Davis,davis,C:\Mac\Home\Documents\working\utrans\county_obtained\Davis\DavisCounty_20260722.gdb\DavisRoads,POSTTYPE,RoadNameType,Cv,CV,26,CV,resolved
Davis,davis,C:\Mac\Home\Documents\working\utrans\county_obtained\Davis\DavisCounty_20260722.gdb\DavisRoads,POSTTYPE,RoadNameType,Dr,DR,2881,DR,resolved
Davis,davis,C:\Mac\Home\Documents\working\utrans\county_obtained\Davis\DavisCounty_20260722.gdb\DavisRoads,POSTTYPE,RoadNameType,Grv,GRV,2,GRV,resolved
Davis,davis,C:\Mac\Home\Documents\working\utrans\county_obtained\Davis\DavisCounty_20260722.gdb\DavisRoads,POSTTYPE,RoadNameType,Hl,HL,2,HL,resolved
Davis,davis,C:\Mac\Home\Documents\working\utrans\county_obtained\Davis\DavisCounty_20260722.gdb\DavisRoads,POSTTYPE,RoadNameType,Holw,HOLW,7,HOLW,resolved
Davis,davis,C:\Mac\Home\Documents\working\utrans\county_obtained\Davis\DavisCounty_20260722.gdb\DavisRoads,POSTTYPE,RoadNameType,Hwy,HWY,94,HWY,resolved
Davis,davis,C:\Mac\Home\Documents\working\utrans\county_obtained\Davis\DavisCounty_20260722.gdb\DavisRoads,POSTTYPE,RoadNameType,Ln,LN,1172,LN,resolved
Davis,davis,C:\Mac\Home\Documents\working\utrans\county_obtained\Davis\DavisCounty_20260722.gdb\DavisRoads,POSTTYPE,RoadNameType,Lndg,LNDG,1,LNDG,resolved
Davis,davis,C:\Mac\Home\Documents\working\utrans\county_obtained\Davis\DavisCounty_20260722.gdb\DavisRoads,POSTTYPE,RoadNameType,Loop,LOOP,52,LOOP,resolved
Davis,davis,C:\Mac\Home\Documents\working\utrans\county_obtained\Davis\DavisCounty_20260722.gdb\DavisRoads,POSTTYPE,RoadNameType,Mnr,MNR,1,MNR,resolved
Davis,davis,C:\Mac\Home\Documents\working\utrans\county_obtained\Davis\DavisCounty_20260722.gdb\DavisRoads,POSTTYPE,RoadNameType,Park,PARK,2,PARK,resolved
Davis,davis,C:\Mac\Home\Documents\working\utrans\county_obtained\Davis\DavisCounty_20260722.gdb\DavisRoads,POSTTYPE,RoadNameType,Pass,PASS,3,PASS,resolved
Davis,davis,C:\Mac\Home\Documents\working\utrans\county_obtained\Davis\DavisCounty_20260722.gdb\DavisRoads,POSTTYPE,RoadNameType,Pkwy,PKWY,125,PKWY,resolved
Davis,davis,C:\Mac\Home\Documents\working\utrans\county_obtained\Davis\DavisCounty_20260722.gdb\DavisRoads,POSTTYPE,RoadNameType,Pl,PL,38,PL,resolved
Davis,davis,C:\Mac\Home\Documents\working\utrans\county_obtained\Davis\DavisCounty_20260722.gdb\DavisRoads,POSTTYPE,RoadNameType,Pne,PNE,1,,review
Davis,davis,C:\Mac\Home\Documents\working\utrans\county_obtained\Davis\DavisCounty_20260722.gdb\DavisRoads,POSTTYPE,RoadNameType,Pt,PT,2,PT,resolved
Davis,davis,C:\Mac\Home\Documents\working\utrans\county_obtained\Davis\DavisCounty_20260722.gdb\DavisRoads,POSTTYPE,RoadNameType,Rd,RD,1025,RD,resolved
Davis,davis,C:\Mac\Home\Documents\working\utrans\county_obtained\Davis\DavisCounty_20260722.gdb\DavisRoads,POSTTYPE,RoadNameType,Rte,RTE,2,RTE,resolved
Davis,davis,C:\Mac\Home\Documents\working\utrans\county_obtained\Davis\DavisCounty_20260722.gdb\DavisRoads,POSTTYPE,RoadNameType,Run,RUN,12,RUN,resolved
Davis,davis,C:\Mac\Home\Documents\working\utrans\county_obtained\Davis\DavisCounty_20260722.gdb\DavisRoads,POSTTYPE,RoadNameType,St,ST,1161,ST,resolved
Davis,davis,C:\Mac\Home\Documents\working\utrans\county_obtained\Davis\DavisCounty_20260722.gdb\DavisRoads,POSTTYPE,RoadNameType,Trce,TRCE,1,TRCE,resolved
Davis,davis,C:\Mac\Home\Documents\working\utrans\county_obtained\Davis\DavisCounty_20260722.gdb\DavisRoads,POSTTYPE,RoadNameType,Trl,TRL,1,TRL,resolved
Davis,davis,C:\Mac\Home\Documents\working\utrans\county_obtained\Davis\DavisCounty_20260722.gdb\DavisRoads,POSTTYPE,RoadNameType,Wy,WY,806,,review
Davis,davis,C:\Mac\Home\Documents\working\utrans\county_obtained\Davis\DavisCounty_20260722.gdb\DavisRoads,POSTTYPE,RoadNameType,Xing,XING,6,XING,resolved
Davis,davis,C:\Mac\Home\Documents\working\utrans\county_obtained\Davis\DavisCounty_20260722.gdb\DavisRoads,PREDIR,PrefixDirection,E,E,3682,E,resolved
Davis,davis,C:\Mac\Home\Documents\working\utrans\county_obtained\Davis\DavisCounty_20260722.gdb\DavisRoads,PREDIR,PrefixDirection,EB,EB,287,,review
Davis,davis,C:\Mac\Home\Documents\working\utrans\county_obtained\Davis\DavisCounty_20260722.gdb\DavisRoads,PREDIR,PrefixDirection,N,N,5301,N,resolved
Davis,davis,C:\Mac\Home\Documents\working\utrans\county_obtained\Davis\DavisCounty_20260722.gdb\DavisRoads,PREDIR,PrefixDirection,NB,NB,648,,review
Davis,davis,C:\Mac\Home\Documents\working\utrans\county_obtained\Davis\DavisCounty_20260722.gdb\DavisRoads,PREDIR,PrefixDirection,S,S,4807,S,resolved
Davis,davis,C:\Mac\Home\Documents\working\utrans\county_obtained\Davis\DavisCounty_20260722.gdb\DavisRoads,PREDIR,PrefixDirection,SB,SB,621,,review
Davis,davis,C:\Mac\Home\Documents\working\utrans\county_obtained\Davis\DavisCounty_20260722.gdb\DavisRoads,PREDIR,PrefixDirection,W,W,5814,W,resolved
Davis,davis,C:\Mac\Home\Documents\working\utrans\county_obtained\Davis\DavisCounty_20260722.gdb\DavisRoads,PREDIR,PrefixDirection,WB,WB,297,,review
Duchesne,duchesne,C:\Mac\Home\Documents\working\utrans\county_obtained\Duchesne\DuchesneCo_20191009.gdb\Centerlines,A1_POSTTYPE,ALIAS1TYPE,AVE,AVE,2,AVE,resolved
Duchesne,duchesne,C:\Mac\Home\Documents\working\utrans\county_obtained\Duchesne\DuchesneCo_20191009.gdb\Centerlines,A1_POSTTYPE,ALIAS1TYPE,HWY,HWY,43,HWY,resolved
Duchesne,duchesne,C:\Mac\Home\Documents\working\utrans\county_obtained\Duchesne\DuchesneCo_20191009.gdb\Centerlines,A1_POSTTYPE,ALIAS1TYPE,LN,LN,11,LN,resolved
Duchesne,duchesne,C:\Mac\Home\Documents\working\utrans\county_obtained\Duchesne\DuchesneCo_20191009.gdb\Centerlines,A1_POSTTYPE,ALIAS1TYPE,RD,RD,24,RD,resolved
Duchesne,duchesne,C:\Mac\Home\Documents\working\utrans\county_obtained\Duchesne\DuchesneCo_20191009.gdb\Centerlines,A1_POSTTYPE,ALIAS1TYPE,ST,ST,6,ST,resolved
Duchesne,duchesne,C:\Mac\Home\Documents\working\utrans\county_obtained\Duchesne\DuchesneCo_20191009.gdb\Centerlines,DOT_CLASS,CLASS,A,A,15,A,resolved
Duchesne,duchesne,C:\Mac\Home\Documents\working\utrans\county_obtained\Duchesne\DuchesneCo_20191009.gdb\Centerlines,DOT_CLASS,CLASS,B,B,3,B,resolved
Duchesne,duchesne,C:\Mac\Home\Documents\working\utrans\county_obtained\Duchesne\DuchesneCo_20191009.gdb\Centerlines,DOT_SRFTYP,SURFTYPE,300,300,1,,review
Duchesne,duchesne,C:\Mac\Home\Documents\working\utrans\county_obtained\Duchesne\DuchesneCo_20191009.gdb\Centerlines,DOT_SRFTYP,SURFTYPE,DIRT,DIRT,1677,D,resolved
Duchesne,duchesne,C:\Mac\Home\Documents\working\utrans\county_obtained\Duchesne\DuchesneCo_20191009.gdb\Centerlines,DOT_SRFTYP,SURFTYPE,GRAVEL,GRAVEL,2,,review
Duchesne,duchesne,C:\Mac\Home\Documents\working\utrans\county_obtained\Duchesne\DuchesneCo_20191009.gdb\Centerlines,DOT_SRFTYP,SURFTYPE,IMPROVED,IMPROVED,1103,I,resolved
Duchesne,duchesne,C:\Mac\Home\Documents\working\utrans\county_obtained\Duchesne\DuchesneCo_20191009.gdb\Centerlines,DOT_SRFTYP,SURFTYPE,OTHER,OTHER,37,,review
Duchesne,duchesne,C:\Mac\Home\Documents\working\utrans\county_obtained\Duchesne\DuchesneCo_20191009.gdb\Centerlines,DOT_SRFTYP,SURFTYPE,PAVED,PAVED,1544,P,resolved
Duchesne,duchesne,C:\Mac\Home\Documents\working\utrans\county_obtained\Duchesne\DuchesneCo_20191009.gdb\Centerlines,POSTDIR,SUFDIR,E,E,202,E,resolved
Duchesne,duchesne,C:\Mac\Home\Documents\working\utrans\county_obtained\Duchesne\DuchesneCo_20191009.gdb\Centerlines,POSTDIR,SUFDIR,N,N,589,N,resolved
Duchesne,duchesne,C:\Mac\Home\Documents\working\utrans\county_obtained\Duchesne\DuchesneCo_20191009.gdb\Centerlines,POSTDIR,SUFDIR,S,S,523,S,resolved
Duchesne,duchesne,C:\Mac\Home\Documents\working\utrans\county_obtained\Duchesne\DuchesneCo_20191009.gdb\Centerlines,POSTDIR,SUFDIR,W,W,857,W,resolved
Duchesne,duchesne,C:\Mac\Home\Documents\working\utrans\county_obtained\Duchesne\DuchesneCo_20191009.gdb\Centerlines,POSTTYPE,STREETTYPE,AVE,AVE,11,AVE,resolved
Duchesne,duchesne,C:\Mac\Home\Documents\working\utrans\county_obtained\Duchesne\DuchesneCo_20191009.gdb\Centerlines,POSTTYPE,STREETTYPE,BLVD,BLVD,2,BLVD,resolved
Duchesne,duchesne,C:\Mac\Home\Documents\working\utrans\county_obtained\Duchesne\DuchesneCo_20191009.gdb\Centerlines,POSTTYPE,STREETTYPE,CIR,CIR,24,CIR,resolved
Duchesne,duchesne,C:\Mac\Home\Documents\working\utrans\county_obtained\Duchesne\DuchesneCo_20191009.gdb\Centerlines,POSTTYPE,STREETTYPE,CT,CT,3,CT,resolved
Duchesne,duchesne,C:\Mac\Home\Documents\working\utrans\county_obtained\Duchesne\DuchesneCo_20191009.gdb\Centerlines,POSTTYPE,STREETTYPE,CV,CV,16,CV,resolved
Duchesne,duchesne,C:\Mac\Home\Documents\working\utrans\county_obtained\Duchesne\DuchesneCo_20191009.gdb\Centerlines,POSTTYPE,STREETTYPE,DR,DR,79,DR,resolved
Duchesne,duchesne,C:\Mac\Home\Documents\working\utrans\county_obtained\Duchesne\DuchesneCo_20191009.gdb\Centerlines,POSTTYPE,STREETTYPE,HWY,HWY,28,HWY,resolved
Duchesne,duchesne,C:\Mac\Home\Documents\working\utrans\county_obtained\Duchesne\DuchesneCo_20191009.gdb\Centerlines,POSTTYPE,STREETTYPE,LN,LN,30,LN,resolved
Duchesne,duchesne,C:\Mac\Home\Documents\working\utrans\county_obtained\Duchesne\DuchesneCo_20191009.gdb\Centerlines,POSTTYPE,STREETTYPE,LOOP,LOOP,12,LOOP,resolved
Duchesne,duchesne,C:\Mac\Home\Documents\working\utrans\county_obtained\Duchesne\DuchesneCo_20191009.gdb\Centerlines,POSTTYPE,STREETTYPE,N,N,1,,review
Duchesne,duchesne,C:\Mac\Home\Documents\working\utrans\county_obtained\Duchesne\DuchesneCo_20191009.gdb\Centerlines,POSTTYPE,STREETTYPE,RD,RD,525,RD,resolved
Duchesne,duchesne,C:\Mac\Home\Documents\working\utrans\county_obtained\Duchesne\DuchesneCo_20191009.gdb\Centerlines,POSTTYPE,STREETTYPE,SQ,SQ,1,SQ,resolved
Duchesne,duchesne,C:\Mac\Home\Documents\working\utrans\county_obtained\Duchesne\DuchesneCo_20191009.gdb\Centerlines,POSTTYPE,STREETTYPE,ST,ST,95,ST,resolved
Duchesne,duchesne,C:\Mac\Home\Documents\working\utrans\county_obtained\Duchesne\DuchesneCo_20191009.gdb\Centerlines,POSTTYPE,STREETTYPE,TRL,TRL,1,TRL,resolved
Duchesne,duchesne,C:\Mac\Home\Documents\working\utrans\county_obtained\Duchesne\DuchesneCo_20191009.gdb\Centerlines,POSTTYPE,STREETTYPE,WAY,WAY,11,WAY,resolved
Emery,emery,C:\Mac\Home\Documents\working\utrans\county_obtained\Emery\EmeryCo_20260611.gdb\Roads,A1_POSTTYPE,ALIAS1_TYP,LN,LN,1,LN,resolved
Emery,emery,C:\Mac\Home\Documents\working\utrans\county_obtained\Emery\EmeryCo_20260611.gdb\Roads,A1_POSTTYPE,ALIAS1_TYP,RD,RD,12,RD,resolved
Emery,emery,C:\Mac\Home\Documents\working\utrans\county_obtained\Emery\EmeryCo_20260611.gdb\Roads,A1_POSTTYPE,ALIAS1_TYP,TRL,TRL,330,TRL,resolved
Emery,emery,C:\Mac\Home\Documents\working\utrans\county_obtained\Emery\EmeryCo_20260611.gdb\Roads,DOT_CLASS,CLASS,A,A,623,A,resolved
Emery,emery,C:\Mac\Home\Documents\working\utrans\county_obtained\Emery\EmeryCo_20260611.gdb\Roads,DOT_CLASS,CLASS,B,B,1387,B,resolved
Emery,emery,C:\Mac\Home\Documents\working\utrans\county_obtained\Emery\EmeryCo_20260611.gdb\Roads,DOT_CLASS,CLASS,C,C,1298,C,resolved
Emery,emery,C:\Mac\Home\Documents\working\utrans\county_obtained\Emery\EmeryCo_20260611.gdb\Roads,DOT_CLASS,CLASS,D,D,7217,D,resolved
Emery,emery,C:\Mac\Home\Documents\working\utrans\county_obtained\Emery\EmeryCo_20260611.gdb\Roads,DOT_CLASS,CLASS,P,P,9,P,resolved
Emery,emery,C:\Mac\Home\Documents\working\utrans\county_obtained\Emery\EmeryCo_20260611.gdb\Roads,DOT_SRFTYP,S_SURF2,300,300,3,,review
Emery,emery,C:\Mac\Home\Documents\working\utrans\county_obtained\Emery\EmeryCo_20260611.gdb\Roads,DOT_SRFTYP,S_SURF2,320,320,1,,review
Emery,emery,C:\Mac\Home\Documents\working\utrans\county_obtained\Emery\EmeryCo_20260611.gdb\Roads,DOT_SRFTYP,S_SURF2,<Null>,<NULL>,1,,review
Emery,emery,C:\Mac\Home\Documents\working\utrans\county_obtained\Emery\EmeryCo_20260611.gdb\Roads,DOT_SRFTYP,S_SURF2,Maintained Native,MAINTAINED NATIVE,1,,review
Emery,emery,C:\Mac\Home\Documents\working\utrans\county_obtained\Emery\EmeryCo_20260611.gdb\Roads,DOT_SRFTYP,S_SURF2,Paved Asphalt,PAVED ASPHALT,1,P-ASP,resolved
Emery,emery,C:\Mac\Home\Documents\working\utrans\county_obtained\Emery\EmeryCo_20260611.gdb\Roads,ONEWAY,ONE_WAY,0,0,9622,0,resolved
Emery,emery,C:\Mac\Home\Documents\working\utrans\county_obtained\Emery\EmeryCo_20260611.gdb\Roads,POSTDIR,SUF_DIR,E,E,309,E,resolved
Emery,emery,C:\Mac\Home\Documents\working\utrans\county_obtained\Emery\EmeryCo_20260611.gdb\Roads,POSTDIR,SUF_DIR,N,N,360,N,resolved
Emery,emery,C:\Mac\Home\Documents\working\utrans\county_obtained\Emery\EmeryCo_20260611.gdb\Roads,POSTDIR,SUF_DIR,S,S,258,S,resolved
Emery,emery,C:\Mac\Home\Documents\working\utrans\county_obtained\Emery\EmeryCo_20260611.gdb\Roads,POSTDIR,SUF_DIR,W,W,262,W,resolved
Emery,emery,C:\Mac\Home\Documents\working\utrans\county_obtained\Emery\EmeryCo_20260611.gdb\Roads,POSTTYPE,S_TYPE,AVE,AVE,85,AVE,resolved
Emery,emery,C:\Mac\Home\Documents\working\utrans\county_obtained\Emery\EmeryCo_20260611.gdb\Roads,POSTTYPE,S_TYPE,BLVD,BLVD,21,BLVD,resolved
Emery,emery,C:\Mac\Home\Documents\working\utrans\county_obtained\Emery\EmeryCo_20260611.gdb\Roads,POSTTYPE,S_TYPE,CT,CT,10,CT,resolved
Emery,emery,C:\Mac\Home\Documents\working\utrans\county_obtained\Emery\EmeryCo_20260611.gdb\Roads,POSTTYPE,S_TYPE,DR,DR,36,DR,resolved
Emery,emery,C:\Mac\Home\Documents\working\utrans\county_obtained\Emery\EmeryCo_20260611.gdb\Roads,POSTTYPE,S_TYPE,LN,LN,83,LN,resolved
Emery,emery,C:\Mac\Home\Documents\working\utrans\county_obtained\Emery\EmeryCo_20260611.gdb\Roads,POSTTYPE,S_TYPE,LOOP,LOOP,1,LOOP,resolved
Emery,emery,C:\Mac\Home\Documents\working\utrans\county_obtained\Emery\EmeryCo_20260611.gdb\Roads,POSTTYPE,S_TYPE,PKWY,PKWY,11,PKWY,resolved
Emery,emery,C:\Mac\Home\Documents\working\utrans\county_obtained\Emery\EmeryCo_20260611.gdb\Roads,POSTTYPE,S_TYPE,RD,RD,723,RD,resolved
Emery,emery,C:\Mac\Home\Documents\working\utrans\county_obtained\Emery\EmeryCo_20260611.gdb\Roads,POSTTYPE,S_TYPE,SPUR,SPUR,8,SPUR,resolved
Emery,emery,C:\Mac\Home\Documents\working\utrans\county_obtained\Emery\EmeryCo_20260611.gdb\Roads,POSTTYPE,S_TYPE,ST,ST,410,ST,resolved
Emery,emery,C:\Mac\Home\Documents\working\utrans\county_obtained\Emery\EmeryCo_20260611.gdb\Roads,POSTTYPE,S_TYPE,TRL,TRL,502,TRL,resolved
Emery,emery,C:\Mac\Home\Documents\working\utrans\county_obtained\Emery\EmeryCo_20260611.gdb\Roads,POSTTYPE,S_TYPE,WAY,WAY,2,WAY,resolved
Emery,emery,C:\Mac\Home\Documents\working\utrans\county_obtained\Emery\EmeryCo_20260611.gdb\Roads,PREDIR,PRE_DIR,E,E,920,E,resolved
Emery,emery,C:\Mac\Home\Documents\working\utrans\county_obtained\Emery\EmeryCo_20260611.gdb\Roads,PREDIR,PRE_DIR,N,N,940,N,resolved
Emery,emery,C:\Mac\Home\Documents\working\utrans\county_obtained\Emery\EmeryCo_20260611.gdb\Roads,PREDIR,PRE_DIR,S,S,742,S,resolved
Emery,emery,C:\Mac\Home\Documents\working\utrans\county_obtained\Emery\EmeryCo_20260611.gdb\Roads,PREDIR,PRE_DIR,W,W,795,W,resolved
Emery,emery,C:\Mac\Home\Documents\working\utrans\county_obtained\Emery\EmeryCo_20260611.gdb\Roads,SPEED_LMT,SPD_LMT,0,0,6178,,review
Emery,emery,C:\Mac\Home\Documents\working\utrans\county_obtained\Emery\EmeryCo_20260611.gdb\Roads,SPEED_LMT,SPD_LMT,15,15,1,15,resolved
Emery,emery,C:\Mac\Home\Documents\working\utrans\county_obtained\Emery\EmeryCo_20260611.gdb\Roads,SPEED_LMT,SPD_LMT,20,20,6,20,resolved
Emery,emery,C:\Mac\Home\Documents\working\utrans\county_obtained\Emery\EmeryCo_20260611.gdb\Roads,SPEED_LMT,SPD_LMT,25,25,1502,25,resolved
Emery,emery,C:\Mac\Home\Documents\working\utrans\county_obtained\Emery\EmeryCo_20260611.gdb\Roads,SPEED_LMT,SPD_LMT,30,30,727,30,resolved
Emery,emery,C:\Mac\Home\Documents\working\utrans\county_obtained\Emery\EmeryCo_20260611.gdb\Roads,SPEED_LMT,SPD_LMT,35,35,267,35,resolved
Emery,emery,C:\Mac\Home\Documents\working\utrans\county_obtained\Emery\EmeryCo_20260611.gdb\Roads,SPEED_LMT,SPD_LMT,40,40,140,40,resolved
Emery,emery,C:\Mac\Home\Documents\working\utrans\county_obtained\Emery\EmeryCo_20260611.gdb\Roads,SPEED_LMT,SPD_LMT,45,45,188,45,resolved
Emery,emery,C:\Mac\Home\Documents\working\utrans\county_obtained\Emery\EmeryCo_20260611.gdb\Roads,SPEED_LMT,SPD_LMT,50,50,133,50,resolved
Emery,emery,C:\Mac\Home\Documents\working\utrans\county_obtained\Emery\EmeryCo_20260611.gdb\Roads,SPEED_LMT,SPD_LMT,55,55,200,55,resolved
Emery,emery,C:\Mac\Home\Documents\working\utrans\county_obtained\Emery\EmeryCo_20260611.gdb\Roads,SPEED_LMT,SPD_LMT,65,65,199,65,resolved
Emery,emery,C:\Mac\Home\Documents\working\utrans\county_obtained\Emery\EmeryCo_20260611.gdb\Roads,SPEED_LMT,SPD_LMT,75,75,89,75,resolved
Grand,grand,C:\Mac\Home\Documents\working\utrans\county_obtained\Grand\GrandCo_20260722.gdb\GC_ROADS_07_09_26,A1_POSTTYPE,ALIAS1TYPE,AVE,AVE,8,AVE,resolved
Grand,grand,C:\Mac\Home\Documents\working\utrans\county_obtained\Grand\GrandCo_20260722.gdb\GC_ROADS_07_09_26,A1_POSTTYPE,ALIAS1TYPE,BLVD,BLVD,4,BLVD,resolved
Grand,grand,C:\Mac\Home\Documents\working\utrans\county_obtained\Grand\GrandCo_20260722.gdb\GC_ROADS_07_09_26,A1_POSTTYPE,ALIAS1TYPE,COR,COR,1,COR,resolved
Grand,grand,C:\Mac\Home\Documents\working\utrans\county_obtained\Grand\GrandCo_20260722.gdb\GC_ROADS_07_09_26,A1_POSTTYPE,ALIAS1TYPE,DR,DR,10,DR,resolved
Grand,grand,C:\Mac\Home\Documents\working\utrans\county_obtained\Grand\GrandCo_20260722.gdb\GC_ROADS_07_09_26,A1_POSTTYPE,ALIAS1TYPE,LN,LN,9,LN,resolved
Grand,grand,C:\Mac\Home\Documents\working\utrans\county_obtained\Grand\GrandCo_20260722.gdb\GC_ROADS_07_09_26,A1_POSTTYPE,ALIAS1TYPE,RAMP,RAMP,39,RAMP,resolved
Grand,grand,C:\Mac\Home\Documents\working\utrans\county_obtained\Grand\GrandCo_20260722.gdb\GC_ROADS_07_09_26,A1_POSTTYPE,ALIAS1TYPE,RD,RD,60,RD,resolved
Grand,grand,C:\Mac\Home\Documents\working\utrans\county_obtained\Grand\GrandCo_20260722.gdb\GC_ROADS_07_09_26,A1_POSTTYPE,ALIAS1TYPE,RTE,RTE,1,RTE,resolved
Grand,grand,C:\Mac\Home\Documents\working\utrans\county_obtained\Grand\GrandCo_20260722.gdb\GC_ROADS_07_09_26,A1_POSTTYPE,ALIAS1TYPE,ST,ST,51,ST,resolved
Grand,grand,C:\Mac\Home\Documents\working\utrans\county_obtained\Grand\GrandCo_20260722.gdb\GC_ROADS_07_09_26,A1_POSTTYPE,ALIAS1TYPE,TRL,TRL,2,TRL,resolved
Grand,grand,C:\Mac\Home\Documents\working\utrans\county_obtained\Grand\GrandCo_20260722.gdb\GC_ROADS_07_09_26,A2_POSTTYPE,ALIAS2TYPE,RAMP,RAMP,8,RAMP,resolved
Grand,grand,C:\Mac\Home\Documents\working\utrans\county_obtained\Grand\GrandCo_20260722.gdb\GC_ROADS_07_09_26,A2_POSTTYPE,ALIAS2TYPE,RD,RD,65,RD,resolved
Grand,grand,C:\Mac\Home\Documents\working\utrans\county_obtained\Grand\GrandCo_20260722.gdb\GC_ROADS_07_09_26,A2_POSTTYPE,ALIAS2TYPE,WAY,WAY,4,WAY,resolved
Grand,grand,C:\Mac\Home\Documents\working\utrans\county_obtained\Grand\GrandCo_20260722.gdb\GC_ROADS_07_09_26,AN_POSTDIR,ACSSUF,E,E,14,E,resolved
Grand,grand,C:\Mac\Home\Documents\working\utrans\county_obtained\Grand\GrandCo_20260722.gdb\GC_ROADS_07_09_26,AN_POSTDIR,ACSSUF,N,N,8,N,resolved
Grand,grand,C:\Mac\Home\Documents\working\utrans\county_obtained\Grand\GrandCo_20260722.gdb\GC_ROADS_07_09_26,DOT_CLASS,CLASS,a,A,416,A,resolved
Grand,grand,C:\Mac\Home\Documents\working\utrans\county_obtained\Grand\GrandCo_20260722.gdb\GC_ROADS_07_09_26,DOT_CLASS,CLASS,ap,AP,15,,review
Grand,grand,C:\Mac\Home\Documents\working\utrans\county_obtained\Grand\GrandCo_20260722.gdb\GC_ROADS_07_09_26,DOT_CLASS,CLASS,b,B,4457,B,resolved
Grand,grand,C:\Mac\Home\Documents\working\utrans\county_obtained\Grand\GrandCo_20260722.gdb\GC_ROADS_07_09_26,DOT_CLASS,CLASS,blm,BLM,23,,review
Grand,grand,C:\Mac\Home\Documents\working\utrans\county_obtained\Grand\GrandCo_20260722.gdb\GC_ROADS_07_09_26,DOT_CLASS,CLASS,co,CO,6,,review
Grand,grand,C:\Mac\Home\Documents\working\utrans\county_obtained\Grand\GrandCo_20260722.gdb\GC_ROADS_07_09_26,DOT_CLASS,CLASS,d,D,20852,D,resolved
Grand,grand,C:\Mac\Home\Documents\working\utrans\county_obtained\Grand\GrandCo_20260722.gdb\GC_ROADS_07_09_26,DOT_CLASS,CLASS,dwr,DWR,1,,review
Grand,grand,C:\Mac\Home\Documents\working\utrans\county_obtained\Grand\GrandCo_20260722.gdb\GC_ROADS_07_09_26,DOT_CLASS,CLASS,fs,FS,181,,review
Grand,grand,C:\Mac\Home\Documents\working\utrans\county_obtained\Grand\GrandCo_20260722.gdb\GC_ROADS_07_09_26,DOT_CLASS,CLASS,ind,IND,203,,review
Grand,grand,C:\Mac\Home\Documents\working\utrans\county_obtained\Grand\GrandCo_20260722.gdb\GC_ROADS_07_09_26,DOT_CLASS,CLASS,pr,PR,407,,review
Grand,grand,C:\Mac\Home\Documents\working\utrans\county_obtained\Grand\GrandCo_20260722.gdb\GC_ROADS_07_09_26,DOT_CLASS,CLASS,rr,RR,7,,review
Grand,grand,C:\Mac\Home\Documents\working\utrans\county_obtained\Grand\GrandCo_20260722.gdb\GC_ROADS_07_09_26,DOT_CLASS,CLASS,sj,SJ,2,,review
Grand,grand,C:\Mac\Home\Documents\working\utrans\county_obtained\Grand\GrandCo_20260722.gdb\GC_ROADS_07_09_26,DOT_CLASS,CLASS,sp,SP,27,,review
Grand,grand,C:\Mac\Home\Documents\working\utrans\county_obtained\Grand\GrandCo_20260722.gdb\GC_ROADS_07_09_26,DOT_CLASS,CLASS,u,U,5,,review
Grand,grand,C:\Mac\Home\Documents\working\utrans\county_obtained\Grand\GrandCo_20260722.gdb\GC_ROADS_07_09_26,DOT_CLASS,CLASS,wld,WLD,1,,review
Grand,grand,C:\Mac\Home\Documents\working\utrans\county_obtained\Grand\GrandCo_20260722.gdb\GC_ROADS_07_09_26,DOT_SRFTYP,SURFTYPE,100,100,1773,,review
Grand,grand,C:\Mac\Home\Documents\working\utrans\county_obtained\Grand\GrandCo_20260722.gdb\GC_ROADS_07_09_26,DOT_SRFTYP,SURFTYPE,200,200,986,,review
Grand,grand,C:\Mac\Home\Documents\working\utrans\county_obtained\Grand\GrandCo_20260722.gdb\GC_ROADS_07_09_26,DOT_SRFTYP,SURFTYPE,200.00,200.00,1,,review
Grand,grand,C:\Mac\Home\Documents\working\utrans\county_obtained\Grand\GrandCo_20260722.gdb\GC_ROADS_07_09_26,DOT_SRFTYP,SURFTYPE,300,300,20968,,review
Grand,grand,C:\Mac\Home\Documents\working\utrans\county_obtained\Grand\GrandCo_20260722.gdb\GC_ROADS_07_09_26,POSTDIR,SUFDIR,E,E,50,E,resolved
Grand,grand,C:\Mac\Home\Documents\working\utrans\county_obtained\Grand\GrandCo_20260722.gdb\GC_ROADS_07_09_26,POSTDIR,SUFDIR,N,N,55,N,resolved
Grand,grand,C:\Mac\Home\Documents\working\utrans\county_obtained\Grand\GrandCo_20260722.gdb\GC_ROADS_07_09_26,POSTDIR,SUFDIR,S,S,39,S,resolved
Grand,grand,C:\Mac\Home\Documents\working\utrans\county_obtained\Grand\GrandCo_20260722.gdb\GC_ROADS_07_09_26,POSTDIR,SUFDIR,W,W,49,W,resolved
Grand,grand,C:\Mac\Home\Documents\working\utrans\county_obtained\Grand\GrandCo_20260722.gdb\GC_ROADS_07_09_26,POSTTYPE,STREETTYPE,AVE,AVE,85,AVE,resolved
Grand,grand,C:\Mac\Home\Documents\working\utrans\county_obtained\Grand\GrandCo_20260722.gdb\GC_ROADS_07_09_26,POSTTYPE,STREETTYPE,BLVD,BLVD,20,BLVD,resolved
Grand,grand,C:\Mac\Home\Documents\working\utrans\county_obtained\Grand\GrandCo_20260722.gdb\GC_ROADS_07_09_26,POSTTYPE,STREETTYPE,CIR,CIR,61,CIR,resolved
Grand,grand,C:\Mac\Home\Documents\working\utrans\county_obtained\Grand\GrandCo_20260722.gdb\GC_ROADS_07_09_26,POSTTYPE,STREETTYPE,CT,CT,43,CT,resolved
Grand,grand,C:\Mac\Home\Documents\working\utrans\county_obtained\Grand\GrandCo_20260722.gdb\GC_ROADS_07_09_26,POSTTYPE,STREETTYPE,DR,DR,331,DR,resolved
Grand,grand,C:\Mac\Home\Documents\working\utrans\county_obtained\Grand\GrandCo_20260722.gdb\GC_ROADS_07_09_26,POSTTYPE,STREETTYPE,FWY,FWY,50,FWY,resolved
Grand,grand,C:\Mac\Home\Documents\working\utrans\county_obtained\Grand\GrandCo_20260722.gdb\GC_ROADS_07_09_26,POSTTYPE,STREETTYPE,HTS,HTS,7,HTS,resolved
Grand,grand,C:\Mac\Home\Documents\working\utrans\county_obtained\Grand\GrandCo_20260722.gdb\GC_ROADS_07_09_26,POSTTYPE,STREETTYPE,HWY,HWY,2,HWY,resolved
Grand,grand,C:\Mac\Home\Documents\working\utrans\county_obtained\Grand\GrandCo_20260722.gdb\GC_ROADS_07_09_26,POSTTYPE,STREETTYPE,LN,LN,401,LN,resolved
Grand,grand,C:\Mac\Home\Documents\working\utrans\county_obtained\Grand\GrandCo_20260722.gdb\GC_ROADS_07_09_26,POSTTYPE,STREETTYPE,LOOP,LOOP,36,LOOP,resolved
Grand,grand,C:\Mac\Home\Documents\working\utrans\county_obtained\Grand\GrandCo_20260722.gdb\GC_ROADS_07_09_26,POSTTYPE,STREETTYPE,PKWY,PKWY,10,PKWY,resolved
Grand,grand,C:\Mac\Home\Documents\working\utrans\county_obtained\Grand\GrandCo_20260722.gdb\GC_ROADS_07_09_26,POSTTYPE,STREETTYPE,PL,PL,7,PL,resolved
Grand,grand,C:\Mac\Home\Documents\working\utrans\county_obtained\Grand\GrandCo_20260722.gdb\GC_ROADS_07_09_26,POSTTYPE,STREETTYPE,RAMP,RAMP,55,RAMP,resolved
Grand,grand,C:\Mac\Home\Documents\working\utrans\county_obtained\Grand\GrandCo_20260722.gdb\GC_ROADS_07_09_26,POSTTYPE,STREETTYPE,RD,RD,910,RD,resolved
Grand,grand,C:\Mac\Home\Documents\working\utrans\county_obtained\Grand\GrandCo_20260722.gdb\GC_ROADS_07_09_26,POSTTYPE,STREETTYPE,RNCH,RNCH,31,RNCH,resolved
Grand,grand,C:\Mac\Home\Documents\working\utrans\county_obtained\Grand\GrandCo_20260722.gdb\GC_ROADS_07_09_26,POSTTYPE,STREETTYPE,RUN,RUN,1,RUN,resolved
Grand,grand,C:\Mac\Home\Documents\working\utrans\county_obtained\Grand\GrandCo_20260722.gdb\GC_ROADS_07_09_26,POSTTYPE,STREETTYPE,ST,ST,80,ST,resolved
Grand,grand,C:\Mac\Home\Documents\working\utrans\county_obtained\Grand\GrandCo_20260722.gdb\GC_ROADS_07_09_26,POSTTYPE,STREETTYPE,TER,TER,5,TER,resolved
Grand,grand,C:\Mac\Home\Documents\working\utrans\county_obtained\Grand\GrandCo_20260722.gdb\GC_ROADS_07_09_26,POSTTYPE,STREETTYPE,TRL,TRL,37,TRL,resolved
Grand,grand,C:\Mac\Home\Documents\working\utrans\county_obtained\Grand\GrandCo_20260722.gdb\GC_ROADS_07_09_26,POSTTYPE,STREETTYPE,WAY,WAY,18,WAY,resolved
Grand,grand,C:\Mac\Home\Documents\working\utrans\county_obtained\Grand\GrandCo_20260722.gdb\GC_ROADS_07_09_26,SPEED_LMT,SPEED,0,0,239,,review
Grand,grand,C:\Mac\Home\Documents\working\utrans\county_obtained\Grand\GrandCo_20260722.gdb\GC_ROADS_07_09_26,SPEED_LMT,SPEED,10,10,86,10,resolved
Grand,grand,C:\Mac\Home\Documents\working\utrans\county_obtained\Grand\GrandCo_20260722.gdb\GC_ROADS_07_09_26,SPEED_LMT,SPEED,15,15,4,15,resolved
Grand,grand,C:\Mac\Home\Documents\working\utrans\county_obtained\Grand\GrandCo_20260722.gdb\GC_ROADS_07_09_26,SPEED_LMT,SPEED,20,20,125,20,resolved
Grand,grand,C:\Mac\Home\Documents\working\utrans\county_obtained\Grand\GrandCo_20260722.gdb\GC_ROADS_07_09_26,SPEED_LMT,SPEED,25,25,26466,25,resolved
Grand,grand,C:\Mac\Home\Documents\working\utrans\county_obtained\Grand\GrandCo_20260722.gdb\GC_ROADS_07_09_26,SPEED_LMT,SPEED,30,30,108,30,resolved
Grand,grand,C:\Mac\Home\Documents\working\utrans\county_obtained\Grand\GrandCo_20260722.gdb\GC_ROADS_07_09_26,SPEED_LMT,SPEED,35,35,17,35,resolved
Grand,grand,C:\Mac\Home\Documents\working\utrans\county_obtained\Grand\GrandCo_20260722.gdb\GC_ROADS_07_09_26,SPEED_LMT,SPEED,40,40,72,40,resolved
Grand,grand,C:\Mac\Home\Documents\working\utrans\county_obtained\Grand\GrandCo_20260722.gdb\GC_ROADS_07_09_26,SPEED_LMT,SPEED,45,45,477,45,resolved
Grand,grand,C:\Mac\Home\Documents\working\utrans\county_obtained\Grand\GrandCo_20260722.gdb\GC_ROADS_07_09_26,SPEED_LMT,SPEED,5,5,5,5,resolved
Grand,grand,C:\Mac\Home\Documents\working\utrans\county_obtained\Grand\GrandCo_20260722.gdb\GC_ROADS_07_09_26,SPEED_LMT,SPEED,55,55,300,55,resolved
Grand,grand,C:\Mac\Home\Documents\working\utrans\county_obtained\Grand\GrandCo_20260722.gdb\GC_ROADS_07_09_26,SPEED_LMT,SPEED,65,65,135,65,resolved
Grand,grand,C:\Mac\Home\Documents\working\utrans\county_obtained\Grand\GrandCo_20260722.gdb\GC_ROADS_07_09_26,SPEED_LMT,SPEED,75,75,50,75,resolved
Iron,iron,C:\Mac\Home\Documents\working\utrans\county_obtained\Iron\Iron_20260625.gdb\Iron_Roads06_25_2026,DOT_CLASS,CLASS,A,A,1,A,resolved
Iron,iron,C:\Mac\Home\Documents\working\utrans\county_obtained\Iron\Iron_20260625.gdb\Iron_Roads06_25_2026,DOT_CLASS,CLASS,B,B,14,B,resolved
Iron,iron,C:\Mac\Home\Documents\working\utrans\county_obtained\Iron\Iron_20260625.gdb\Iron_Roads06_25_2026,DOT_CLASS,CLASS,C,C,1,C,resolved
Iron,iron,C:\Mac\Home\Documents\working\utrans\county_obtained\Iron\Iron_20260625.gdb\Iron_Roads06_25_2026,DOT_SRFTYP,SURFTYPE,100,100,3045,,review
Iron,iron,C:\Mac\Home\Documents\working\utrans\county_obtained\Iron\Iron_20260625.gdb\Iron_Roads06_25_2026,DOT_SRFTYP,SURFTYPE,200,200,2739,,review
Iron,iron,C:\Mac\Home\Documents\working\utrans\county_obtained\Iron\Iron_20260625.gdb\Iron_Roads06_25_2026,DOT_SRFTYP,SURFTYPE,300,300,2460,,review
Iron,iron,C:\Mac\Home\Documents\working\utrans\county_obtained\Iron\Iron_20260625.gdb\Iron_Roads06_25_2026,DOT_SRFTYP,SURFTYPE,999,999,4014,,review
Iron,iron,C:\Mac\Home\Documents\working\utrans\county_obtained\Iron\Iron_20260625.gdb\Iron_Roads06_25_2026,DOT_SRFTYP,SURFTYPE,DIRT,DIRT,215,D,resolved
Iron,iron,C:\Mac\Home\Documents\working\utrans\county_obtained\Iron\Iron_20260625.gdb\Iron_Roads06_25_2026,DOT_SRFTYP,SURFTYPE,IMPROVED,IMPROVED,48,I,resolved
Iron,iron,C:\Mac\Home\Documents\working\utrans\county_obtained\Iron\Iron_20260625.gdb\Iron_Roads06_25_2026,DOT_SRFTYP,SURFTYPE,OTHER,OTHER,17,,review
Iron,iron,C:\Mac\Home\Documents\working\utrans\county_obtained\Iron\Iron_20260625.gdb\Iron_Roads06_25_2026,DOT_SRFTYP,SURFTYPE,PAVED,PAVED,64,P,resolved
Iron,iron,C:\Mac\Home\Documents\working\utrans\county_obtained\Iron\Iron_20260625.gdb\Iron_Roads06_25_2026,POSTDIR,SUFDIR,.,.,1,,review
Iron,iron,C:\Mac\Home\Documents\working\utrans\county_obtained\Iron\Iron_20260625.gdb\Iron_Roads06_25_2026,POSTDIR,SUFDIR,E,E,555,E,resolved
Iron,iron,C:\Mac\Home\Documents\working\utrans\county_obtained\Iron\Iron_20260625.gdb\Iron_Roads06_25_2026,POSTDIR,SUFDIR,N,N,1736,N,resolved
Iron,iron,C:\Mac\Home\Documents\working\utrans\county_obtained\Iron\Iron_20260625.gdb\Iron_Roads06_25_2026,POSTDIR,SUFDIR,S,S,668,S,resolved
Iron,iron,C:\Mac\Home\Documents\working\utrans\county_obtained\Iron\Iron_20260625.gdb\Iron_Roads06_25_2026,POSTDIR,SUFDIR,W,W,1793,W,resolved
Iron,iron,C:\Mac\Home\Documents\working\utrans\county_obtained\Iron\Iron_20260625.gdb\Iron_Roads06_25_2026,POSTTYPE,STREETTYPE,AVE,AVE,46,AVE,resolved
Iron,iron,C:\Mac\Home\Documents\working\utrans\county_obtained\Iron\Iron_20260625.gdb\Iron_Roads06_25_2026,POSTTYPE,STREETTYPE,BLVD,BLVD,42,BLVD,resolved
Iron,iron,C:\Mac\Home\Documents\working\utrans\county_obtained\Iron\Iron_20260625.gdb\Iron_Roads06_25_2026,POSTTYPE,STREETTYPE,c,C,1,,review
Iron,iron,C:\Mac\Home\Documents\working\utrans\county_obtained\Iron\Iron_20260625.gdb\Iron_Roads06_25_2026,POSTTYPE,STREETTYPE,CIR,CIR,158,CIR,resolved
Iron,iron,C:\Mac\Home\Documents\working\utrans\county_obtained\Iron\Iron_20260625.gdb\Iron_Roads06_25_2026,POSTTYPE,STREETTYPE,CT,CT,27,CT,resolved
Iron,iron,C:\Mac\Home\Documents\working\utrans\county_obtained\Iron\Iron_20260625.gdb\Iron_Roads06_25_2026,POSTTYPE,STREETTYPE,DIR,DIR,1,,review
Iron,iron,C:\Mac\Home\Documents\working\utrans\county_obtained\Iron\Iron_20260625.gdb\Iron_Roads06_25_2026,POSTTYPE,STREETTYPE,DR,DR,725,DR,resolved
Iron,iron,C:\Mac\Home\Documents\working\utrans\county_obtained\Iron\Iron_20260625.gdb\Iron_Roads06_25_2026,POSTTYPE,STREETTYPE,FWY,FWY,169,FWY,resolved
Iron,iron,C:\Mac\Home\Documents\working\utrans\county_obtained\Iron\Iron_20260625.gdb\Iron_Roads06_25_2026,POSTTYPE,STREETTYPE,HWY,HWY,121,HWY,resolved
Iron,iron,C:\Mac\Home\Documents\working\utrans\county_obtained\Iron\Iron_20260625.gdb\Iron_Roads06_25_2026,POSTTYPE,STREETTYPE,JCT,JCT,6,JCT,resolved
Iron,iron,C:\Mac\Home\Documents\working\utrans\county_obtained\Iron\Iron_20260625.gdb\Iron_Roads06_25_2026,POSTTYPE,STREETTYPE,LN,LN,235,LN,resolved
Iron,iron,C:\Mac\Home\Documents\working\utrans\county_obtained\Iron\Iron_20260625.gdb\Iron_Roads06_25_2026,POSTTYPE,STREETTYPE,LOOP,LOOP,373,LOOP,resolved
Iron,iron,C:\Mac\Home\Documents\working\utrans\county_obtained\Iron\Iron_20260625.gdb\Iron_Roads06_25_2026,POSTTYPE,STREETTYPE,LP,LP,6,,review
Iron,iron,C:\Mac\Home\Documents\working\utrans\county_obtained\Iron\Iron_20260625.gdb\Iron_Roads06_25_2026,POSTTYPE,STREETTYPE,PKWY,PKWY,14,PKWY,resolved
Iron,iron,C:\Mac\Home\Documents\working\utrans\county_obtained\Iron\Iron_20260625.gdb\Iron_Roads06_25_2026,POSTTYPE,STREETTYPE,PL,PL,9,PL,resolved
Iron,iron,C:\Mac\Home\Documents\working\utrans\county_obtained\Iron\Iron_20260625.gdb\Iron_Roads06_25_2026,POSTTYPE,STREETTYPE,RAMP,RAMP,78,RAMP,resolved
Iron,iron,C:\Mac\Home\Documents\working\utrans\county_obtained\Iron\Iron_20260625.gdb\Iron_Roads06_25_2026,POSTTYPE,STREETTYPE,RD,RD,1244,RD,resolved
Iron,iron,C:\Mac\Home\Documents\working\utrans\county_obtained\Iron\Iron_20260625.gdb\Iron_Roads06_25_2026,POSTTYPE,STREETTYPE,RDE,RDE,1,,review
Iron,iron,C:\Mac\Home\Documents\working\utrans\county_obtained\Iron\Iron_20260625.gdb\Iron_Roads06_25_2026,POSTTYPE,STREETTYPE,RNCH,RNCH,1,RNCH,resolved
Iron,iron,C:\Mac\Home\Documents\working\utrans\county_obtained\Iron\Iron_20260625.gdb\Iron_Roads06_25_2026,POSTTYPE,STREETTYPE,ROW,ROW,4,ROW,resolved
Iron,iron,C:\Mac\Home\Documents\working\utrans\county_obtained\Iron\Iron_20260625.gdb\Iron_Roads06_25_2026,POSTTYPE,STREETTYPE,RTE,RTE,13,RTE,resolved
Iron,iron,C:\Mac\Home\Documents\working\utrans\county_obtained\Iron\Iron_20260625.gdb\Iron_Roads06_25_2026,POSTTYPE,STREETTYPE,SPUR,SPUR,1,SPUR,resolved
Iron,iron,C:\Mac\Home\Documents\working\utrans\county_obtained\Iron\Iron_20260625.gdb\Iron_Roads06_25_2026,POSTTYPE,STREETTYPE,ST,ST,301,ST,resolved
Iron,iron,C:\Mac\Home\Documents\working\utrans\county_obtained\Iron\Iron_20260625.gdb\Iron_Roads06_25_2026,POSTTYPE,STREETTYPE,TER,TER,2,TER,resolved
Iron,iron,C:\Mac\Home\Documents\working\utrans\county_obtained\Iron\Iron_20260625.gdb\Iron_Roads06_25_2026,POSTTYPE,STREETTYPE,TR,TR,5,,review
Iron,iron,C:\Mac\Home\Documents\working\utrans\county_obtained\Iron\Iron_20260625.gdb\Iron_Roads06_25_2026,POSTTYPE,STREETTYPE,TRL,TRL,78,TRL,resolved
Iron,iron,C:\Mac\Home\Documents\working\utrans\county_obtained\Iron\Iron_20260625.gdb\Iron_Roads06_25_2026,POSTTYPE,STREETTYPE,W,W,2,,review
Iron,iron,C:\Mac\Home\Documents\working\utrans\county_obtained\Iron\Iron_20260625.gdb\Iron_Roads06_25_2026,POSTTYPE,STREETTYPE,WAY,WAY,71,WAY,resolved
Iron,iron,C:\Mac\Home\Documents\working\utrans\county_obtained\Iron\Iron_20260625.gdb\Iron_Roads06_25_2026,POSTTYPE,STREETTYPE,WY,WY,9,,review
Iron,iron,C:\Mac\Home\Documents\working\utrans\county_obtained\Iron\Iron_20260625.gdb\Iron_Roads06_25_2026,VERT_LEVEL,VERTLEVEL,1,1,2,1,resolved
Kane,kane,C:\Mac\Home\Documents\working\utrans\county_obtained\Kane\KaneCo_20250915.gdb\Kane_Street_Centerlines,A1_POSTTYPE,ALIAS1TYPE,DR,DR,5,DR,resolved
Kane,kane,C:\Mac\Home\Documents\working\utrans\county_obtained\Kane\KaneCo_20250915.gdb\Kane_Street_Centerlines,A1_POSTTYPE,ALIAS1TYPE,LN,LN,2,LN,resolved
Kane,kane,C:\Mac\Home\Documents\working\utrans\county_obtained\Kane\KaneCo_20250915.gdb\Kane_Street_Centerlines,A1_POSTTYPE,ALIAS1TYPE,RD,RD,93,RD,resolved
Kane,kane,C:\Mac\Home\Documents\working\utrans\county_obtained\Kane\KaneCo_20250915.gdb\Kane_Street_Centerlines,DOT_SRFTYP,SURFTYPE,100,100,1016,,review
Kane,kane,C:\Mac\Home\Documents\working\utrans\county_obtained\Kane\KaneCo_20250915.gdb\Kane_Street_Centerlines,DOT_SRFTYP,SURFTYPE,200,200,662,,review
Kane,kane,C:\Mac\Home\Documents\working\utrans\county_obtained\Kane\KaneCo_20250915.gdb\Kane_Street_Centerlines,DOT_SRFTYP,SURFTYPE,300,300,3148,,review
Kane,kane,C:\Mac\Home\Documents\working\utrans\county_obtained\Kane\KaneCo_20250915.gdb\Kane_Street_Centerlines,DOT_SRFTYP,SURFTYPE,999,999,3,,review
Kane,kane,C:\Mac\Home\Documents\working\utrans\county_obtained\Kane\KaneCo_20250915.gdb\Kane_Street_Centerlines,POSTDIR,SUFDIR,E,E,63,E,resolved
Kane,kane,C:\Mac\Home\Documents\working\utrans\county_obtained\Kane\KaneCo_20250915.gdb\Kane_Street_Centerlines,POSTDIR,SUFDIR,N,N,68,N,resolved
Kane,kane,C:\Mac\Home\Documents\working\utrans\county_obtained\Kane\KaneCo_20250915.gdb\Kane_Street_Centerlines,POSTDIR,SUFDIR,S,S,72,S,resolved
Kane,kane,C:\Mac\Home\Documents\working\utrans\county_obtained\Kane\KaneCo_20250915.gdb\Kane_Street_Centerlines,POSTDIR,SUFDIR,W,W,59,W,resolved
Kane,kane,C:\Mac\Home\Documents\working\utrans\county_obtained\Kane\KaneCo_20250915.gdb\Kane_Street_Centerlines,POSTTYPE,STREETTYPE,0,0,1,,review
Kane,kane,C:\Mac\Home\Documents\working\utrans\county_obtained\Kane\KaneCo_20250915.gdb\Kane_Street_Centerlines,POSTTYPE,STREETTYPE,ALY,ALY,6,ALY,resolved
Kane,kane,C:\Mac\Home\Documents\working\utrans\county_obtained\Kane\KaneCo_20250915.gdb\Kane_Street_Centerlines,POSTTYPE,STREETTYPE,AVE,AVE,78,AVE,resolved
Kane,kane,C:\Mac\Home\Documents\working\utrans\county_obtained\Kane\KaneCo_20250915.gdb\Kane_Street_Centerlines,POSTTYPE,STREETTYPE,BLVD,BLVD,19,BLVD,resolved
Kane,kane,C:\Mac\Home\Documents\working\utrans\county_obtained\Kane\KaneCo_20250915.gdb\Kane_Street_Centerlines,POSTTYPE,STREETTYPE,CIR,CIR,148,CIR,resolved
Kane,kane,C:\Mac\Home\Documents\working\utrans\county_obtained\Kane\KaneCo_20250915.gdb\Kane_Street_Centerlines,POSTTYPE,STREETTYPE,COR,COR,2,COR,resolved
Kane,kane,C:\Mac\Home\Documents\working\utrans\county_obtained\Kane\KaneCo_20250915.gdb\Kane_Street_Centerlines,POSTTYPE,STREETTYPE,CT,CT,18,CT,resolved
Kane,kane,C:\Mac\Home\Documents\working\utrans\county_obtained\Kane\KaneCo_20250915.gdb\Kane_Street_Centerlines,POSTTYPE,STREETTYPE,CV,CV,14,CV,resolved
Kane,kane,C:\Mac\Home\Documents\working\utrans\county_obtained\Kane\KaneCo_20250915.gdb\Kane_Street_Centerlines,POSTTYPE,STREETTYPE,DR,DR,621,DR,resolved
Kane,kane,C:\Mac\Home\Documents\working\utrans\county_obtained\Kane\KaneCo_20250915.gdb\Kane_Street_Centerlines,POSTTYPE,STREETTYPE,HTS,HTS,1,HTS,resolved
Kane,kane,C:\Mac\Home\Documents\working\utrans\county_obtained\Kane\KaneCo_20250915.gdb\Kane_Street_Centerlines,POSTTYPE,STREETTYPE,LN,LN,168,LN,resolved
Kane,kane,C:\Mac\Home\Documents\working\utrans\county_obtained\Kane\KaneCo_20250915.gdb\Kane_Street_Centerlines,POSTTYPE,STREETTYPE,LOOP,LOOP,35,LOOP,resolved
Kane,kane,C:\Mac\Home\Documents\working\utrans\county_obtained\Kane\KaneCo_20250915.gdb\Kane_Street_Centerlines,POSTTYPE,STREETTYPE,LP,LP,1,,review
Kane,kane,C:\Mac\Home\Documents\working\utrans\county_obtained\Kane\KaneCo_20250915.gdb\Kane_Street_Centerlines,POSTTYPE,STREETTYPE,PKWY,PKWY,6,PKWY,resolved
Kane,kane,C:\Mac\Home\Documents\working\utrans\county_obtained\Kane\KaneCo_20250915.gdb\Kane_Street_Centerlines,POSTTYPE,STREETTYPE,PL,PL,7,PL,resolved
Kane,kane,C:\Mac\Home\Documents\working\utrans\county_obtained\Kane\KaneCo_20250915.gdb\Kane_Street_Centerlines,POSTTYPE,STREETTYPE,PT,PT,69,PT,resolved
Kane,kane,C:\Mac\Home\Documents\working\utrans\county_obtained\Kane\KaneCo_20250915.gdb\Kane_Street_Centerlines,POSTTYPE,STREETTYPE,RD,RD,1280,RD,resolved
Kane,kane,C:\Mac\Home\Documents\working\utrans\county_obtained\Kane\KaneCo_20250915.gdb\Kane_Street_Centerlines,POSTTYPE,STREETTYPE,SST,SST,1,,review
Kane,kane,C:\Mac\Home\Documents\working\utrans\county_obtained\Kane\KaneCo_20250915.gdb\Kane_Street_Centerlines,POSTTYPE,STREETTYPE,ST,ST,168,ST,resolved
Kane,kane,C:\Mac\Home\Documents\working\utrans\county_obtained\Kane\KaneCo_20250915.gdb\Kane_Street_Centerlines,POSTTYPE,STREETTYPE,TR,TR,2,,review
Kane,kane,C:\Mac\Home\Documents\working\utrans\county_obtained\Kane\KaneCo_20250915.gdb\Kane_Street_Centerlines,POSTTYPE,STREETTYPE,TRL,TRL,79,TRL,resolved
Kane,kane,C:\Mac\Home\Documents\working\utrans\county_obtained\Kane\KaneCo_20250915.gdb\Kane_Street_Centerlines,POSTTYPE,STREETTYPE,VW,VW,1,VW,resolved
Kane,kane,C:\Mac\Home\Documents\working\utrans\county_obtained\Kane\KaneCo_20250915.gdb\Kane_Street_Centerlines,POSTTYPE,STREETTYPE,WAY,WAY,60,WAY,resolved
Kane,kane,C:\Mac\Home\Documents\working\utrans\county_obtained\Kane\KaneCo_20250915.gdb\Kane_Street_Centerlines,POSTTYPE,STREETTYPE,WY,WY,4,,review
Kane,kane,C:\Mac\Home\Documents\working\utrans\county_obtained\Kane\KaneCo_20250915.gdb\Kane_Street_Centerlines,SPEED_LMT,SPEED,0,0,57,,review
Kane,kane,C:\Mac\Home\Documents\working\utrans\county_obtained\Kane\KaneCo_20250915.gdb\Kane_Street_Centerlines,SPEED_LMT,SPEED,10,10,8,10,resolved
Kane,kane,C:\Mac\Home\Documents\working\utrans\county_obtained\Kane\KaneCo_20250915.gdb\Kane_Street_Centerlines,SPEED_LMT,SPEED,25,25,7338,25,resolved
Kane,kane,C:\Mac\Home\Documents\working\utrans\county_obtained\Kane\KaneCo_20250915.gdb\Kane_Street_Centerlines,SPEED_LMT,SPEED,30,30,3,30,resolved
Kane,kane,C:\Mac\Home\Documents\working\utrans\county_obtained\Kane\KaneCo_20250915.gdb\Kane_Street_Centerlines,SPEED_LMT,SPEED,40,40,101,40,resolved
Kane,kane,C:\Mac\Home\Documents\working\utrans\county_obtained\Kane\KaneCo_20250915.gdb\Kane_Street_Centerlines,SPEED_LMT,SPEED,45,45,300,45,resolved
Kane,kane,C:\Mac\Home\Documents\working\utrans\county_obtained\Kane\KaneCo_20250915.gdb\Kane_Street_Centerlines,SPEED_LMT,SPEED,5,5,3,5,resolved
Kane,kane,C:\Mac\Home\Documents\working\utrans\county_obtained\Kane\KaneCo_20250915.gdb\Kane_Street_Centerlines,SPEED_LMT,SPEED,50,50,22,50,resolved
Kane,kane,C:\Mac\Home\Documents\working\utrans\county_obtained\Kane\KaneCo_20250915.gdb\Kane_Street_Centerlines,SPEED_LMT,SPEED,55,55,132,55,resolved
Kane,kane,C:\Mac\Home\Documents\working\utrans\county_obtained\Kane\KaneCo_20250915.gdb\Kane_Street_Centerlines,SPEED_LMT,SPEED,60,60,3,60,resolved
Kane,kane,C:\Mac\Home\Documents\working\utrans\county_obtained\Kane\KaneCo_20250915.gdb\Kane_Street_Centerlines,SPEED_LMT,SPEED,65,65,66,65,resolved
Millard,millard,C:\Mac\Home\Documents\working\utrans\county_obtained\Millard\Millard_20251217.gdb\Millard_Roads_Dec_2025,A1_POSTTYPE,ALIAS1TYPE,DR,DR,2,DR,resolved
Millard,millard,C:\Mac\Home\Documents\working\utrans\county_obtained\Millard\Millard_20251217.gdb\Millard_Roads_Dec_2025,A1_POSTTYPE,ALIAS1TYPE,LN,LN,6,LN,resolved
Millard,millard,C:\Mac\Home\Documents\working\utrans\county_obtained\Millard\Millard_20251217.gdb\Millard_Roads_Dec_2025,A1_POSTTYPE,ALIAS1TYPE,RAMP,RAMP,40,RAMP,resolved
Millard,millard,C:\Mac\Home\Documents\working\utrans\county_obtained\Millard\Millard_20251217.gdb\Millard_Roads_Dec_2025,A1_POSTTYPE,ALIAS1TYPE,RD,RD,100,RD,resolved
Millard,millard,C:\Mac\Home\Documents\working\utrans\county_obtained\Millard\Millard_20251217.gdb\Millard_Roads_Dec_2025,A1_POSTTYPE,ALIAS1TYPE,ST,ST,3,ST,resolved
Millard,millard,C:\Mac\Home\Documents\working\utrans\county_obtained\Millard\Millard_20251217.gdb\Millard_Roads_Dec_2025,A2_POSTTYPE,ALIAS2TYPE,LN,LN,1,LN,resolved
Millard,millard,C:\Mac\Home\Documents\working\utrans\county_obtained\Millard\Millard_20251217.gdb\Millard_Roads_Dec_2025,A2_POSTTYPE,ALIAS2TYPE,RAMP,RAMP,4,RAMP,resolved
Millard,millard,C:\Mac\Home\Documents\working\utrans\county_obtained\Millard\Millard_20251217.gdb\Millard_Roads_Dec_2025,A2_POSTTYPE,ALIAS2TYPE,RD,RD,16,RD,resolved
Millard,millard,C:\Mac\Home\Documents\working\utrans\county_obtained\Millard\Millard_20251217.gdb\Millard_Roads_Dec_2025,A2_POSTTYPE,ALIAS2TYPE,ST,ST,1,ST,resolved
Millard,millard,C:\Mac\Home\Documents\working\utrans\county_obtained\Millard\Millard_20251217.gdb\Millard_Roads_Dec_2025,POSTDIR,SUFDIR,E,E,249,E,resolved
Millard,millard,C:\Mac\Home\Documents\working\utrans\county_obtained\Millard\Millard_20251217.gdb\Millard_Roads_Dec_2025,POSTDIR,SUFDIR,N,N,450,N,resolved
Millard,millard,C:\Mac\Home\Documents\working\utrans\county_obtained\Millard\Millard_20251217.gdb\Millard_Roads_Dec_2025,POSTDIR,SUFDIR,S,S,381,S,resolved
Millard,millard,C:\Mac\Home\Documents\working\utrans\county_obtained\Millard\Millard_20251217.gdb\Millard_Roads_Dec_2025,POSTDIR,SUFDIR,W,W,560,W,resolved
Millard,millard,C:\Mac\Home\Documents\working\utrans\county_obtained\Millard\Millard_20251217.gdb\Millard_Roads_Dec_2025,POSTTYPE,STREETTYPE,AVE,AVE,18,AVE,resolved
Millard,millard,C:\Mac\Home\Documents\working\utrans\county_obtained\Millard\Millard_20251217.gdb\Millard_Roads_Dec_2025,POSTTYPE,STREETTYPE,BLVD,BLVD,5,BLVD,resolved
Millard,millard,C:\Mac\Home\Documents\working\utrans\county_obtained\Millard\Millard_20251217.gdb\Millard_Roads_Dec_2025,POSTTYPE,STREETTYPE,CIR,CIR,1,CIR,resolved
Millard,millard,C:\Mac\Home\Documents\working\utrans\county_obtained\Millard\Millard_20251217.gdb\Millard_Roads_Dec_2025,POSTTYPE,STREETTYPE,DR,DR,56,DR,resolved
Millard,millard,C:\Mac\Home\Documents\working\utrans\county_obtained\Millard\Millard_20251217.gdb\Millard_Roads_Dec_2025,POSTTYPE,STREETTYPE,FWY,FWY,170,FWY,resolved
Millard,millard,C:\Mac\Home\Documents\working\utrans\county_obtained\Millard\Millard_20251217.gdb\Millard_Roads_Dec_2025,POSTTYPE,STREETTYPE,HWY,HWY,14,HWY,resolved
Millard,millard,C:\Mac\Home\Documents\working\utrans\county_obtained\Millard\Millard_20251217.gdb\Millard_Roads_Dec_2025,POSTTYPE,STREETTYPE,LN,LN,61,LN,resolved
Millard,millard,C:\Mac\Home\Documents\working\utrans\county_obtained\Millard\Millard_20251217.gdb\Millard_Roads_Dec_2025,POSTTYPE,STREETTYPE,RAMP,RAMP,49,RAMP,resolved
Millard,millard,C:\Mac\Home\Documents\working\utrans\county_obtained\Millard\Millard_20251217.gdb\Millard_Roads_Dec_2025,POSTTYPE,STREETTYPE,RD,RD,12646,RD,resolved
Millard,millard,C:\Mac\Home\Documents\working\utrans\county_obtained\Millard\Millard_20251217.gdb\Millard_Roads_Dec_2025,POSTTYPE,STREETTYPE,ST,ST,1820,ST,resolved
Millard,millard,C:\Mac\Home\Documents\working\utrans\county_obtained\Millard\Millard_20251217.gdb\Millard_Roads_Dec_2025,POSTTYPE,STREETTYPE,WAY,WAY,9,WAY,resolved
Morgan,morgan,C:\Mac\Home\Documents\working\utrans\county_obtained\Morgan\MorganCo_20260519.gdb\Centerlines_May26,DOT_CLASS,roadclass,Collector,COLLECTOR,50,,review
Morgan,morgan,C:\Mac\Home\Documents\working\utrans\county_obtained\Morgan\MorganCo_20260519.gdb\Centerlines_May26,DOT_CLASS,roadclass,Freeway,FREEWAY,28,,review
Morgan,morgan,C:\Mac\Home\Documents\working\utrans\county_obtained\Morgan\MorganCo_20260519.gdb\Centerlines_May26,DOT_CLASS,roadclass,Highway,HIGHWAY,43,,review
Morgan,morgan,C:\Mac\Home\Documents\working\utrans\county_obtained\Morgan\MorganCo_20260519.gdb\Centerlines_May26,DOT_CLASS,roadclass,Local,LOCAL,712,,review
Morgan,morgan,C:\Mac\Home\Documents\working\utrans\county_obtained\Morgan\MorganCo_20260519.gdb\Centerlines_May26,DOT_CLASS,roadclass,Minor Arterial,MINOR ARTERIAL,90,,review
Morgan,morgan,C:\Mac\Home\Documents\working\utrans\county_obtained\Morgan\MorganCo_20260519.gdb\Centerlines_May26,DOT_CLASS,roadclass,Ramp,RAMP,22,,review
Morgan,morgan,C:\Mac\Home\Documents\working\utrans\county_obtained\Morgan\MorganCo_20260519.gdb\Centerlines_May26,VERT_LEVEL,roadlevel,0,0,946,0,resolved
Rich,rich,C:\Mac\Home\Documents\working\utrans\county_obtained\Rich\RichCo_20211115.gdb\E911_RichRoads11_3_21,A1_POSTTYPE,ALIAS1_TYP,DR,DR,5,DR,resolved
Rich,rich,C:\Mac\Home\Documents\working\utrans\county_obtained\Rich\RichCo_20211115.gdb\E911_RichRoads11_3_21,A1_POSTTYPE,ALIAS1_TYP,LN,LN,1,LN,resolved
Rich,rich,C:\Mac\Home\Documents\working\utrans\county_obtained\Rich\RichCo_20211115.gdb\E911_RichRoads11_3_21,A1_POSTTYPE,ALIAS1_TYP,PKWY,PKWY,2,PKWY,resolved
Rich,rich,C:\Mac\Home\Documents\working\utrans\county_obtained\Rich\RichCo_20211115.gdb\E911_RichRoads11_3_21,A1_POSTTYPE,ALIAS1_TYP,RD,RD,9,RD,resolved
Rich,rich,C:\Mac\Home\Documents\working\utrans\county_obtained\Rich\RichCo_20211115.gdb\E911_RichRoads11_3_21,A1_POSTTYPE,ALIAS1_TYP,ST,ST,11,ST,resolved
Rich,rich,C:\Mac\Home\Documents\working\utrans\county_obtained\Rich\RichCo_20211115.gdb\E911_RichRoads11_3_21,A2_POSTTYPE,ALIAS2_TYP,HWY,HWY,2,HWY,resolved
Rich,rich,C:\Mac\Home\Documents\working\utrans\county_obtained\Rich\RichCo_20211115.gdb\E911_RichRoads11_3_21,DOT_SRFTYP,S_SURF,0,0,2861,,review
Rich,rich,C:\Mac\Home\Documents\working\utrans\county_obtained\Rich\RichCo_20211115.gdb\E911_RichRoads11_3_21,DOT_SRFTYP,S_SURF,100,100,7,,review
Rich,rich,C:\Mac\Home\Documents\working\utrans\county_obtained\Rich\RichCo_20211115.gdb\E911_RichRoads11_3_21,DOT_SRFTYP,S_SURF,115,115,141,,review
Rich,rich,C:\Mac\Home\Documents\working\utrans\county_obtained\Rich\RichCo_20211115.gdb\E911_RichRoads11_3_21,DOT_SRFTYP,S_SURF,20,20,1,,review
Rich,rich,C:\Mac\Home\Documents\working\utrans\county_obtained\Rich\RichCo_20211115.gdb\E911_RichRoads11_3_21,DOT_SRFTYP,S_SURF,200,200,94,,review
Rich,rich,C:\Mac\Home\Documents\working\utrans\county_obtained\Rich\RichCo_20211115.gdb\E911_RichRoads11_3_21,DOT_SRFTYP,S_SURF,210,210,234,,review
Rich,rich,C:\Mac\Home\Documents\working\utrans\county_obtained\Rich\RichCo_20211115.gdb\E911_RichRoads11_3_21,DOT_SRFTYP,S_SURF,211,211,85,,review
Rich,rich,C:\Mac\Home\Documents\working\utrans\county_obtained\Rich\RichCo_20211115.gdb\E911_RichRoads11_3_21,DOT_SRFTYP,S_SURF,221,221,19,,review
Rich,rich,C:\Mac\Home\Documents\working\utrans\county_obtained\Rich\RichCo_20211115.gdb\E911_RichRoads11_3_21,DOT_SRFTYP,S_SURF,223,223,19,,review
Rich,rich,C:\Mac\Home\Documents\working\utrans\county_obtained\Rich\RichCo_20211115.gdb\E911_RichRoads11_3_21,DOT_SRFTYP,S_SURF,300,300,413,,review
Rich,rich,C:\Mac\Home\Documents\working\utrans\county_obtained\Rich\RichCo_20211115.gdb\E911_RichRoads11_3_21,DOT_SRFTYP,S_SURF,310,310,15,,review
Rich,rich,C:\Mac\Home\Documents\working\utrans\county_obtained\Rich\RichCo_20211115.gdb\E911_RichRoads11_3_21,DOT_SRFTYP,S_SURF,320,320,78,,review
Rich,rich,C:\Mac\Home\Documents\working\utrans\county_obtained\Rich\RichCo_20211115.gdb\E911_RichRoads11_3_21,DOT_SRFTYP,S_SURF,430,430,60,,review
Rich,rich,C:\Mac\Home\Documents\working\utrans\county_obtained\Rich\RichCo_20211115.gdb\E911_RichRoads11_3_21,DOT_SRFTYP,S_SURF,440,440,2,,review
Rich,rich,C:\Mac\Home\Documents\working\utrans\county_obtained\Rich\RichCo_20211115.gdb\E911_RichRoads11_3_21,ONEWAY,ONE_WAY,0,0,4029,0,resolved
Rich,rich,C:\Mac\Home\Documents\working\utrans\county_obtained\Rich\RichCo_20211115.gdb\E911_RichRoads11_3_21,POSTTYPE,S_TYPE,AVE,AVE,1,AVE,resolved
Rich,rich,C:\Mac\Home\Documents\working\utrans\county_obtained\Rich\RichCo_20211115.gdb\E911_RichRoads11_3_21,POSTTYPE,S_TYPE,BLVD,BLVD,14,BLVD,resolved
Rich,rich,C:\Mac\Home\Documents\working\utrans\county_obtained\Rich\RichCo_20211115.gdb\E911_RichRoads11_3_21,POSTTYPE,S_TYPE,CIR,CIR,119,CIR,resolved
Rich,rich,C:\Mac\Home\Documents\working\utrans\county_obtained\Rich\RichCo_20211115.gdb\E911_RichRoads11_3_21,POSTTYPE,S_TYPE,CR,CR,5,,review
Rich,rich,C:\Mac\Home\Documents\working\utrans\county_obtained\Rich\RichCo_20211115.gdb\E911_RichRoads11_3_21,POSTTYPE,S_TYPE,CT,CT,3,CT,resolved
Rich,rich,C:\Mac\Home\Documents\working\utrans\county_obtained\Rich\RichCo_20211115.gdb\E911_RichRoads11_3_21,POSTTYPE,S_TYPE,DR,DR,170,DR,resolved
Rich,rich,C:\Mac\Home\Documents\working\utrans\county_obtained\Rich\RichCo_20211115.gdb\E911_RichRoads11_3_21,POSTTYPE,S_TYPE,LN,LN,74,LN,resolved
Rich,rich,C:\Mac\Home\Documents\working\utrans\county_obtained\Rich\RichCo_20211115.gdb\E911_RichRoads11_3_21,POSTTYPE,S_TYPE,LOOP,LOOP,19,LOOP,resolved
Rich,rich,C:\Mac\Home\Documents\working\utrans\county_obtained\Rich\RichCo_20211115.gdb\E911_RichRoads11_3_21,POSTTYPE,S_TYPE,PKWY,PKWY,13,PKWY,resolved
Rich,rich,C:\Mac\Home\Documents\working\utrans\county_obtained\Rich\RichCo_20211115.gdb\E911_RichRoads11_3_21,POSTTYPE,S_TYPE,PL,PL,2,PL,resolved
Rich,rich,C:\Mac\Home\Documents\working\utrans\county_obtained\Rich\RichCo_20211115.gdb\E911_RichRoads11_3_21,POSTTYPE,S_TYPE,RD,RD,171,RD,resolved
Rich,rich,C:\Mac\Home\Documents\working\utrans\county_obtained\Rich\RichCo_20211115.gdb\E911_RichRoads11_3_21,POSTTYPE,S_TYPE,RUN,RUN,6,RUN,resolved
Rich,rich,C:\Mac\Home\Documents\working\utrans\county_obtained\Rich\RichCo_20211115.gdb\E911_RichRoads11_3_21,POSTTYPE,S_TYPE,ST,ST,89,ST,resolved
Rich,rich,C:\Mac\Home\Documents\working\utrans\county_obtained\Rich\RichCo_20211115.gdb\E911_RichRoads11_3_21,POSTTYPE,S_TYPE,WAY,WAY,34,WAY,resolved
Rich,rich,C:\Mac\Home\Documents\working\utrans\county_obtained\Rich\RichCo_20211115.gdb\E911_RichRoads11_3_21,PREDIR,PRE_DIR,E,E,156,E,resolved
Rich,rich,C:\Mac\Home\Documents\working\utrans\county_obtained\Rich\RichCo_20211115.gdb\E911_RichRoads11_3_21,PREDIR,PRE_DIR,N,N,152,N,resolved
Rich,rich,C:\Mac\Home\Documents\working\utrans\county_obtained\Rich\RichCo_20211115.gdb\E911_RichRoads11_3_21,PREDIR,PRE_DIR,S,S,357,S,resolved
Rich,rich,C:\Mac\Home\Documents\working\utrans\county_obtained\Rich\RichCo_20211115.gdb\E911_RichRoads11_3_21,PREDIR,PRE_DIR,W,W,220,W,resolved
Rich,rich,C:\Mac\Home\Documents\working\utrans\county_obtained\Rich\RichCo_20211115.gdb\E911_RichRoads11_3_21,SPEED_LMT,SPD_LMT,0,0,4020,,review
Rich,rich,C:\Mac\Home\Documents\working\utrans\county_obtained\Rich\RichCo_20211115.gdb\E911_RichRoads11_3_21,SPEED_LMT,SPD_LMT,25,25,8,25,resolved
Rich,rich,C:\Mac\Home\Documents\working\utrans\county_obtained\Rich\RichCo_20211115.gdb\E911_RichRoads11_3_21,SPEED_LMT,SPD_LMT,40,40,1,40,resolved
SanJuan,sanjuan,C:\Mac\Home\Documents\working\utrans\county_obtained\SanJuan\SanJuanRoads_20250808.gdb\T2025SanJuanRoads,DOT_CLASS,CLASS,ARIZONA,ARIZONA,11,,review
SanJuan,sanjuan,C:\Mac\Home\Documents\working\utrans\county_obtained\SanJuan\SanJuanRoads_20250808.gdb\T2025SanJuanRoads,DOT_CLASS,CLASS,B Road,B ROAD,1053,,review
SanJuan,sanjuan,C:\Mac\Home\Documents\working\utrans\county_obtained\SanJuan\SanJuanRoads_20250808.gdb\T2025SanJuanRoads,DOT_CLASS,CLASS,C Road,C ROAD,174,,review
SanJuan,sanjuan,C:\Mac\Home\Documents\working\utrans\county_obtained\SanJuan\SanJuanRoads_20250808.gdb\T2025SanJuanRoads,DOT_CLASS,CLASS,Colorado,COLORADO,9,,review
SanJuan,sanjuan,C:\Mac\Home\Documents\working\utrans\county_obtained\SanJuan\SanJuanRoads_20250808.gdb\T2025SanJuanRoads,DOT_CLASS,CLASS,D Road,D ROAD,5553,,review
SanJuan,sanjuan,C:\Mac\Home\Documents\working\utrans\county_obtained\SanJuan\SanJuanRoads_20250808.gdb\T2025SanJuanRoads,DOT_CLASS,CLASS,Federal,FEDERAL,27,,review
SanJuan,sanjuan,C:\Mac\Home\Documents\working\utrans\county_obtained\SanJuan\SanJuanRoads_20250808.gdb\T2025SanJuanRoads,DOT_CLASS,CLASS,GRAND,GRAND,13,,review
SanJuan,sanjuan,C:\Mac\Home\Documents\working\utrans\county_obtained\SanJuan\SanJuanRoads_20250808.gdb\T2025SanJuanRoads,DOT_CLASS,CLASS,NDOT,NDOT,228,,review
SanJuan,sanjuan,C:\Mac\Home\Documents\working\utrans\county_obtained\SanJuan\SanJuanRoads_20250808.gdb\T2025SanJuanRoads,DOT_CLASS,CLASS,Private,PRIVATE,1,,review
SanJuan,sanjuan,C:\Mac\Home\Documents\working\utrans\county_obtained\SanJuan\SanJuanRoads_20250808.gdb\T2025SanJuanRoads,DOT_CLASS,CLASS,Private Road,PRIVATE ROAD,3,,review
SanJuan,sanjuan,C:\Mac\Home\Documents\working\utrans\county_obtained\SanJuan\SanJuanRoads_20250808.gdb\T2025SanJuanRoads,DOT_CLASS,CLASS,Reservation,RESERVATION,1635,,review
SanJuan,sanjuan,C:\Mac\Home\Documents\working\utrans\county_obtained\SanJuan\SanJuanRoads_20250808.gdb\T2025SanJuanRoads,DOT_CLASS,CLASS,State Highway,STATE HIGHWAY,12,,review
SanJuan,sanjuan,C:\Mac\Home\Documents\working\utrans\county_obtained\SanJuan\SanJuanRoads_20250808.gdb\T2025SanJuanRoads,DOT_CLASS,CLASS,UDOT,UDOT,3,,review
SanJuan,sanjuan,C:\Mac\Home\Documents\working\utrans\county_obtained\SanJuan\SanJuanRoads_20250808.gdb\T2025SanJuanRoads,DOT_CLASS,CLASS,US Highway,US HIGHWAY,16,,review
Sevier,sevier,C:\Mac\Home\Documents\working\utrans\county_obtained\Sevier\SevierCo_20260514.gdb\SC911DataUpdate_260511,POSTDIR,SUR_DIR,E,E,787,E,resolved
Sevier,sevier,C:\Mac\Home\Documents\working\utrans\county_obtained\Sevier\SevierCo_20260514.gdb\SC911DataUpdate_260511,POSTDIR,SUR_DIR,N,N,934,N,resolved
Sevier,sevier,C:\Mac\Home\Documents\working\utrans\county_obtained\Sevier\SevierCo_20260514.gdb\SC911DataUpdate_260511,POSTDIR,SUR_DIR,S,S,813,S,resolved
Sevier,sevier,C:\Mac\Home\Documents\working\utrans\county_obtained\Sevier\SevierCo_20260514.gdb\SC911DataUpdate_260511,POSTDIR,SUR_DIR,W,W,864,W,resolved
Sevier,sevier,C:\Mac\Home\Documents\working\utrans\county_obtained\Sevier\SevierCo_20260514.gdb\SC911DataUpdate_260511,POSTTYPE,S_TYPE,AVE,AVE,22,AVE,resolved
Sevier,sevier,C:\Mac\Home\Documents\working\utrans\county_obtained\Sevier\SevierCo_20260514.gdb\SC911DataUpdate_260511,POSTTYPE,S_TYPE,BIKE,BIKE,30,,review
Sevier,sevier,C:\Mac\Home\Documents\working\utrans\county_obtained\Sevier\SevierCo_20260514.gdb\SC911DataUpdate_260511,POSTTYPE,S_TYPE,BLVD,BLVD,29,BLVD,resolved
Sevier,sevier,C:\Mac\Home\Documents\working\utrans\county_obtained\Sevier\SevierCo_20260514.gdb\SC911DataUpdate_260511,POSTTYPE,S_TYPE,CIR,CIR,38,CIR,resolved
Sevier,sevier,C:\Mac\Home\Documents\working\utrans\county_obtained\Sevier\SevierCo_20260514.gdb\SC911DataUpdate_260511,POSTTYPE,S_TYPE,CT,CT,5,CT,resolved
Sevier,sevier,C:\Mac\Home\Documents\working\utrans\county_obtained\Sevier\SevierCo_20260514.gdb\SC911DataUpdate_260511,POSTTYPE,S_TYPE,DR,DR,474,DR,resolved
Sevier,sevier,C:\Mac\Home\Documents\working\utrans\county_obtained\Sevier\SevierCo_20260514.gdb\SC911DataUpdate_260511,POSTTYPE,S_TYPE,FWY,FWY,15,FWY,resolved
Sevier,sevier,C:\Mac\Home\Documents\working\utrans\county_obtained\Sevier\SevierCo_20260514.gdb\SC911DataUpdate_260511,POSTTYPE,S_TYPE,HWY,HWY,85,HWY,resolved
Sevier,sevier,C:\Mac\Home\Documents\working\utrans\county_obtained\Sevier\SevierCo_20260514.gdb\SC911DataUpdate_260511,POSTTYPE,S_TYPE,LN,LN,228,LN,resolved
Sevier,sevier,C:\Mac\Home\Documents\working\utrans\county_obtained\Sevier\SevierCo_20260514.gdb\SC911DataUpdate_260511,POSTTYPE,S_TYPE,LOOP,LOOP,35,LOOP,resolved
Sevier,sevier,C:\Mac\Home\Documents\working\utrans\county_obtained\Sevier\SevierCo_20260514.gdb\SC911DataUpdate_260511,POSTTYPE,S_TYPE,PL,PL,1,PL,resolved
Sevier,sevier,C:\Mac\Home\Documents\working\utrans\county_obtained\Sevier\SevierCo_20260514.gdb\SC911DataUpdate_260511,POSTTYPE,S_TYPE,RD,RD,2165,RD,resolved
Sevier,sevier,C:\Mac\Home\Documents\working\utrans\county_obtained\Sevier\SevierCo_20260514.gdb\SC911DataUpdate_260511,POSTTYPE,S_TYPE,ST,ST,576,ST,resolved
Sevier,sevier,C:\Mac\Home\Documents\working\utrans\county_obtained\Sevier\SevierCo_20260514.gdb\SC911DataUpdate_260511,POSTTYPE,S_TYPE,TRL,TRL,4,TRL,resolved
Sevier,sevier,C:\Mac\Home\Documents\working\utrans\county_obtained\Sevier\SevierCo_20260514.gdb\SC911DataUpdate_260511,POSTTYPE,S_TYPE,WAY,WAY,62,WAY,resolved
Sevier,sevier,C:\Mac\Home\Documents\working\utrans\county_obtained\Sevier\SevierCo_20260514.gdb\SC911DataUpdate_260511,PREDIR,PRE_DIR,C,C,1,,review
Sevier,sevier,C:\Mac\Home\Documents\working\utrans\county_obtained\Sevier\SevierCo_20260514.gdb\SC911DataUpdate_260511,PREDIR,PRE_DIR,E,E,1371,E,resolved
Sevier,sevier,C:\Mac\Home\Documents\working\utrans\county_obtained\Sevier\SevierCo_20260514.gdb\SC911DataUpdate_260511,PREDIR,PRE_DIR,N,N,2298,N,resolved
Sevier,sevier,C:\Mac\Home\Documents\working\utrans\county_obtained\Sevier\SevierCo_20260514.gdb\SC911DataUpdate_260511,PREDIR,PRE_DIR,S,S,1952,S,resolved
Sevier,sevier,C:\Mac\Home\Documents\working\utrans\county_obtained\Sevier\SevierCo_20260514.gdb\SC911DataUpdate_260511,PREDIR,PRE_DIR,W,W,1662,W,resolved
Uintah,uintah,C:\Mac\Home\Documents\working\utrans\county_obtained\Uintah\UintahCo20260423.gdb\Roads,SPEED_LMT,SPD_LMT,0,0,9008,,review
Uintah,uintah,C:\Mac\Home\Documents\working\utrans\county_obtained\Uintah\UintahCo20260423.gdb\Roads,SPEED_LMT,SPD_LMT,25,25,9,25,resolved
Utah,utah,C:\Mac\Home\Documents\working\utrans\county_obtained\Utah\UtahCo_20260824.gdb\RoadCenterline,A1_POSTTYPE,ALTROADTYPE,AVE,AVE,3,AVE,resolved
Utah,utah,C:\Mac\Home\Documents\working\utrans\county_obtained\Utah\UtahCo_20260824.gdb\RoadCenterline,A1_POSTTYPE,ALTROADTYPE,BLVD,BLVD,6,BLVD,resolved
Utah,utah,C:\Mac\Home\Documents\working\utrans\county_obtained\Utah\UtahCo_20260824.gdb\RoadCenterline,A1_POSTTYPE,ALTROADTYPE,CIR,CIR,4,CIR,resolved
Utah,utah,C:\Mac\Home\Documents\working\utrans\county_obtained\Utah\UtahCo_20260824.gdb\RoadCenterline,A1_POSTTYPE,ALTROADTYPE,DR,DR,25,DR,resolved
Utah,utah,C:\Mac\Home\Documents\working\utrans\county_obtained\Utah\UtahCo_20260824.gdb\RoadCenterline,A1_POSTTYPE,ALTROADTYPE,HWY,HWY,1346,HWY,resolved
Utah,utah,C:\Mac\Home\Documents\working\utrans\county_obtained\Utah\UtahCo_20260824.gdb\RoadCenterline,A1_POSTTYPE,ALTROADTYPE,LN,LN,4,LN,resolved
Utah,utah,C:\Mac\Home\Documents\working\utrans\county_obtained\Utah\UtahCo_20260824.gdb\RoadCenterline,A1_POSTTYPE,ALTROADTYPE,PKWY,PKWY,5,PKWY,resolved
Utah,utah,C:\Mac\Home\Documents\working\utrans\county_obtained\Utah\UtahCo_20260824.gdb\RoadCenterline,A1_POSTTYPE,ALTROADTYPE,RD,RD,54,RD,resolved
Utah,utah,C:\Mac\Home\Documents\working\utrans\county_obtained\Utah\UtahCo_20260824.gdb\RoadCenterline,A1_POSTTYPE,ALTROADTYPE,ST,ST,6895,ST,resolved
Utah,utah,C:\Mac\Home\Documents\working\utrans\county_obtained\Utah\UtahCo_20260824.gdb\RoadCenterline,A1_POSTTYPE,ALTROADTYPE,WAY,WAY,34,WAY,resolved
Utah,utah,C:\Mac\Home\Documents\working\utrans\county_obtained\Utah\UtahCo_20260824.gdb\RoadCenterline,POSTDIR,ROADPOSTDIR,E,E,8,E,resolved
Utah,utah,C:\Mac\Home\Documents\working\utrans\county_obtained\Utah\UtahCo_20260824.gdb\RoadCenterline,POSTDIR,ROADPOSTDIR,N,N,11,N,resolved
Utah,utah,C:\Mac\Home\Documents\working\utrans\county_obtained\Utah\UtahCo_20260824.gdb\RoadCenterline,POSTDIR,ROADPOSTDIR,S,S,8,S,resolved
Utah,utah,C:\Mac\Home\Documents\working\utrans\county_obtained\Utah\UtahCo_20260824.gdb\RoadCenterline,POSTDIR,ROADPOSTDIR,W,W,14,W,resolved
Utah,utah,C:\Mac\Home\Documents\working\utrans\county_obtained\Utah\UtahCo_20260824.gdb\RoadCenterline,POSTTYPE,ROADTYPE,ALY,ALY,29,ALY,resolved
Utah,utah,C:\Mac\Home\Documents\working\utrans\county_obtained\Utah\UtahCo_20260824.gdb\RoadCenterline,POSTTYPE,ROADTYPE,AVE,AVE,773,AVE,resolved
Utah,utah,C:\Mac\Home\Documents\working\utrans\county_obtained\Utah\UtahCo_20260824.gdb\RoadCenterline,POSTTYPE,ROADTYPE,BLVD,BLVD,799,BLVD,resolved
Utah,utah,C:\Mac\Home\Documents\working\utrans\county_obtained\Utah\UtahCo_20260824.gdb\RoadCenterline,POSTTYPE,ROADTYPE,BND,BND,5,BND,resolved
Utah,utah,C:\Mac\Home\Documents\working\utrans\county_obtained\Utah\UtahCo_20260824.gdb\RoadCenterline,POSTTYPE,ROADTYPE,CIR,CIR,1312,CIR,resolved
Utah,utah,C:\Mac\Home\Documents\working\utrans\county_obtained\Utah\UtahCo_20260824.gdb\RoadCenterline,POSTTYPE,ROADTYPE,CORR,CORR,35,,review
Utah,utah,C:\Mac\Home\Documents\working\utrans\county_obtained\Utah\UtahCo_20260824.gdb\RoadCenterline,POSTTYPE,ROADTYPE,CT,CT,697,CT,resolved
Utah,utah,C:\Mac\Home\Documents\working\utrans\county_obtained\Utah\UtahCo_20260824.gdb\RoadCenterline,POSTTYPE,ROADTYPE,CV,CV,147,CV,resolved
Utah,utah,C:\Mac\Home\Documents\working\utrans\county_obtained\Utah\UtahCo_20260824.gdb\RoadCenterline,POSTTYPE,ROADTYPE,CYN,CYN,4,CYN,resolved
Utah,utah,C:\Mac\Home\Documents\working\utrans\county_obtained\Utah\UtahCo_20260824.gdb\RoadCenterline,POSTTYPE,ROADTYPE,DR,DR,6077,DR,resolved
Utah,utah,C:\Mac\Home\Documents\working\utrans\county_obtained\Utah\UtahCo_20260824.gdb\RoadCenterline,POSTTYPE,ROADTYPE,HL,HL,7,HL,resolved
Utah,utah,C:\Mac\Home\Documents\working\utrans\county_obtained\Utah\UtahCo_20260824.gdb\RoadCenterline,POSTTYPE,ROADTYPE,HOLW,HOLW,8,HOLW,resolved
Utah,utah,C:\Mac\Home\Documents\working\utrans\county_obtained\Utah\UtahCo_20260824.gdb\RoadCenterline,POSTTYPE,ROADTYPE,HTS,HTS,1,HTS,resolved
Utah,utah,C:\Mac\Home\Documents\working\utrans\county_obtained\Utah\UtahCo_20260824.gdb\RoadCenterline,POSTTYPE,ROADTYPE,HWY,HWY,344,HWY,resolved
Utah,utah,C:\Mac\Home\Documents\working\utrans\county_obtained\Utah\UtahCo_20260824.gdb\RoadCenterline,POSTTYPE,ROADTYPE,LN,LN,2421,LN,resolved
Utah,utah,C:\Mac\Home\Documents\working\utrans\county_obtained\Utah\UtahCo_20260824.gdb\RoadCenterline,POSTTYPE,ROADTYPE,LNDG,LNDG,4,LNDG,resolved
Utah,utah,C:\Mac\Home\Documents\working\utrans\county_obtained\Utah\UtahCo_20260824.gdb\RoadCenterline,POSTTYPE,ROADTYPE,LOOP,LOOP,124,LOOP,resolved
Utah,utah,C:\Mac\Home\Documents\working\utrans\county_obtained\Utah\UtahCo_20260824.gdb\RoadCenterline,POSTTYPE,ROADTYPE,OFF,OFF,80,,review
Utah,utah,C:\Mac\Home\Documents\working\utrans\county_obtained\Utah\UtahCo_20260824.gdb\RoadCenterline,POSTTYPE,ROADTYPE,ON,ON,85,,review
Utah,utah,C:\Mac\Home\Documents\working\utrans\county_obtained\Utah\UtahCo_20260824.gdb\RoadCenterline,POSTTYPE,ROADTYPE,PASS,PASS,2,PASS,resolved
Utah,utah,C:\Mac\Home\Documents\working\utrans\county_obtained\Utah\UtahCo_20260824.gdb\RoadCenterline,POSTTYPE,ROADTYPE,PKWY,PKWY,603,PKWY,resolved
Utah,utah,C:\Mac\Home\Documents\working\utrans\county_obtained\Utah\UtahCo_20260824.gdb\RoadCenterline,POSTTYPE,ROADTYPE,PL,PL,154,PL,resolved
Utah,utah,C:\Mac\Home\Documents\working\utrans\county_obtained\Utah\UtahCo_20260824.gdb\RoadCenterline,POSTTYPE,ROADTYPE,RD,RD,2402,RD,resolved
Utah,utah,C:\Mac\Home\Documents\working\utrans\county_obtained\Utah\UtahCo_20260824.gdb\RoadCenterline,POSTTYPE,ROADTYPE,RDG,RDG,26,RDG,resolved
Utah,utah,C:\Mac\Home\Documents\working\utrans\county_obtained\Utah\UtahCo_20260824.gdb\RoadCenterline,POSTTYPE,ROADTYPE,ROW,ROW,13,ROW,resolved
Utah,utah,C:\Mac\Home\Documents\working\utrans\county_obtained\Utah\UtahCo_20260824.gdb\RoadCenterline,POSTTYPE,ROADTYPE,RUN,RUN,27,RUN,resolved
Utah,utah,C:\Mac\Home\Documents\working\utrans\county_obtained\Utah\UtahCo_20260824.gdb\RoadCenterline,POSTTYPE,ROADTYPE,ST,ST,25191,ST,resolved
Utah,utah,C:\Mac\Home\Documents\working\utrans\county_obtained\Utah\UtahCo_20260824.gdb\RoadCenterline,POSTTYPE,ROADTYPE,TER,TER,10,TER,resolved
Utah,utah,C:\Mac\Home\Documents\working\utrans\county_obtained\Utah\UtahCo_20260824.gdb\RoadCenterline,POSTTYPE,ROADTYPE,TRL,TRL,65,TRL,resolved
Utah,utah,C:\Mac\Home\Documents\working\utrans\county_obtained\Utah\UtahCo_20260824.gdb\RoadCenterline,POSTTYPE,ROADTYPE,VW,VW,12,VW,resolved
Utah,utah,C:\Mac\Home\Documents\working\utrans\county_obtained\Utah\UtahCo_20260824.gdb\RoadCenterline,POSTTYPE,ROADTYPE,WAY,WAY,1708,WAY,resolved
Utah,utah,C:\Mac\Home\Documents\working\utrans\county_obtained\Utah\UtahCo_20260824.gdb\RoadCenterline,POSTTYPE,ROADTYPE,XING,XING,51,XING,resolved
Utah,utah,C:\Mac\Home\Documents\working\utrans\county_obtained\Utah\UtahCo_20260824.gdb\RoadCenterline,PREDIR,ROADPREDIR,E,E,9953,E,resolved
Utah,utah,C:\Mac\Home\Documents\working\utrans\county_obtained\Utah\UtahCo_20260824.gdb\RoadCenterline,PREDIR,ROADPREDIR,N,N,13539,N,resolved
Utah,utah,C:\Mac\Home\Documents\working\utrans\county_obtained\Utah\UtahCo_20260824.gdb\RoadCenterline,PREDIR,ROADPREDIR,S,S,8685,S,resolved
Utah,utah,C:\Mac\Home\Documents\working\utrans\county_obtained\Utah\UtahCo_20260824.gdb\RoadCenterline,PREDIR,ROADPREDIR,W,W,11192,W,resolved
Wayne,wayne,C:\Mac\Home\Documents\working\utrans\county_obtained\Wayne\WayneCo_20260414.gdb\WayneCoRds_20260409,DOT_CLASS,CLASS,?,?,4,,review
Wayne,wayne,C:\Mac\Home\Documents\working\utrans\county_obtained\Wayne\WayneCo_20260414.gdb\WayneCoRds_20260409,DOT_CLASS,CLASS,A,A,389,A,resolved
Wayne,wayne,C:\Mac\Home\Documents\working\utrans\county_obtained\Wayne\WayneCo_20260414.gdb\WayneCoRds_20260409,DOT_CLASS,CLASS,B,B,575,B,resolved
Wayne,wayne,C:\Mac\Home\Documents\working\utrans\county_obtained\Wayne\WayneCo_20260414.gdb\WayneCoRds_20260409,DOT_CLASS,CLASS,C,C,381,C,resolved
Wayne,wayne,C:\Mac\Home\Documents\working\utrans\county_obtained\Wayne\WayneCo_20260414.gdb\WayneCoRds_20260409,DOT_CLASS,CLASS,D,D,968,D,resolved
Wayne,wayne,C:\Mac\Home\Documents\working\utrans\county_obtained\Wayne\WayneCo_20260414.gdb\WayneCoRds_20260409,DOT_CLASS,CLASS,F,F,32,F,resolved
Wayne,wayne,C:\Mac\Home\Documents\working\utrans\county_obtained\Wayne\WayneCo_20260414.gdb\WayneCoRds_20260409,DOT_CLASS,CLASS,P,P,604,P,resolved
Wayne,wayne,C:\Mac\Home\Documents\working\utrans\county_obtained\Wayne\WayneCo_20260414.gdb\WayneCoRds_20260409,DOT_CLASS,CLASS,TBD,TBD,16,,review
Wayne,wayne,C:\Mac\Home\Documents\working\utrans\county_obtained\Wayne\WayneCo_20260414.gdb\WayneCoRds_20260409,DOT_CLASS,CLASS,TR,TR,2,,review
Wayne,wayne,C:\Mac\Home\Documents\working\utrans\county_obtained\Wayne\WayneCo_20260414.gdb\WayneCoRds_20260409,DOT_CLASS,CLASS,TRL,TRL,18,,review
Wayne,wayne,C:\Mac\Home\Documents\working\utrans\county_obtained\Wayne\WayneCo_20260414.gdb\WayneCoRds_20260409,DOT_SRFTYP,S_SURF2,0,0,6,,review
Wayne,wayne,C:\Mac\Home\Documents\working\utrans\county_obtained\Wayne\WayneCo_20260414.gdb\WayneCoRds_20260409,DOT_SRFTYP,S_SURF2,100,100,19,,review
Wayne,wayne,C:\Mac\Home\Documents\working\utrans\county_obtained\Wayne\WayneCo_20260414.gdb\WayneCoRds_20260409,DOT_SRFTYP,S_SURF2,115,115,16,,review
Wayne,wayne,C:\Mac\Home\Documents\working\utrans\county_obtained\Wayne\WayneCo_20260414.gdb\WayneCoRds_20260409,DOT_SRFTYP,S_SURF2,200,200,34,,review
Wayne,wayne,C:\Mac\Home\Documents\working\utrans\county_obtained\Wayne\WayneCo_20260414.gdb\WayneCoRds_20260409,DOT_SRFTYP,S_SURF2,91409 SEGMENT RANGE COR,91409 SEGMENT RANGE COR,2,,review
Wayne,wayne,C:\Mac\Home\Documents\working\utrans\county_obtained\Wayne\WayneCo_20260414.gdb\WayneCoRds_20260409,DOT_SRFTYP,S_SURF2,GRAVEL,GRAVEL,8,,review
Wayne,wayne,C:\Mac\Home\Documents\working\utrans\county_obtained\Wayne\WayneCo_20260414.gdb\WayneCoRds_20260409,DOT_SRFTYP,S_SURF2,Improved,IMPROVED,4,I,resolved
Wayne,wayne,C:\Mac\Home\Documents\working\utrans\county_obtained\Wayne\WayneCo_20260414.gdb\WayneCoRds_20260409,DOT_SRFTYP,S_SURF2,Improv_Agg/gravel,IMPROV_AGG/GRAVEL,166,,review
Wayne,wayne,C:\Mac\Home\Documents\working\utrans\county_obtained\Wayne\WayneCo_20260414.gdb\WayneCoRds_20260409,DOT_SRFTYP,S_SURF2,Improv_Crushed_agg,IMPROV_CRUSHED_AGG,12,,review
Wayne,wayne,C:\Mac\Home\Documents\working\utrans\county_obtained\Wayne\WayneCo_20260414.gdb\WayneCoRds_20260409,DOT_SRFTYP,S_SURF2,Improv_gravel,IMPROV_GRAVEL,5,,review
Wayne,wayne,C:\Mac\Home\Documents\working\utrans\county_obtained\Wayne\WayneCo_20260414.gdb\WayneCoRds_20260409,DOT_SRFTYP,S_SURF2,Improv_Mag_chlorid,IMPROV_MAG_CHLORID,1,,review
Wayne,wayne,C:\Mac\Home\Documents\working\utrans\county_obtained\Wayne\WayneCo_20260414.gdb\WayneCoRds_20260409,DOT_SRFTYP,S_SURF2,Improv_Oiled,IMPROV_OILED,16,,review
Wayne,wayne,C:\Mac\Home\Documents\working\utrans\county_obtained\Wayne\WayneCo_20260414.gdb\WayneCoRds_20260409,DOT_SRFTYP,S_SURF2,NATIVE,NATIVE,190,N,resolved
Wayne,wayne,C:\Mac\Home\Documents\working\utrans\county_obtained\Wayne\WayneCo_20260414.gdb\WayneCoRds_20260409,DOT_SRFTYP,S_SURF2,PAVED,PAVED,220,P,resolved
Wayne,wayne,C:\Mac\Home\Documents\working\utrans\county_obtained\Wayne\WayneCo_20260414.gdb\WayneCoRds_20260409,DOT_SRFTYP,S_SURF2,Paved_Asphalt,PAVED_ASPHALT,136,,review
Wayne,wayne,C:\Mac\Home\Documents\working\utrans\county_obtained\Wayne\WayneCo_20260414.gdb\WayneCoRds_20260409,ONEWAY,ONE_WAY,0,0,4734,0,resolved
Wayne,wayne,C:\Mac\Home\Documents\working\utrans\county_obtained\Wayne\WayneCo_20260414.gdb\WayneCoRds_20260409,PREDIR,PRE_DIR,c,C,1,,review
Wayne,wayne,C:\Mac\Home\Documents\working\utrans\county_obtained\Wayne\WayneCo_20260414.gdb\WayneCoRds_20260409,PREDIR,PRE_DIR,E,E,664,E,resolved
Wayne,wayne,C:\Mac\Home\Documents\working\utrans\county_obtained\Wayne\WayneCo_20260414.gdb\WayneCoRds_20260409,PREDIR,PRE_DIR,N,N,477,N,resolved
Wayne,wayne,C:\Mac\Home\Documents\working\utrans\county_obtained\Wayne\WayneCo_20260414.gdb\WayneCoRds_20260409,PREDIR,PRE_DIR,S,S,750,S,resolved
Wayne,wayne,C:\Mac\Home\Documents\working\utrans\county_obtained\Wayne\WayneCo_20260414.gdb\WayneCoRds_20260409,PREDIR,PRE_DIR,W,W,420,W,resolved
Wayne,wayne,C:\Mac\Home\Documents\working\utrans\county_obtained\Wayne\WayneCo_20260414.gdb\WayneCoRds_20260409,VERT_LEVEL,VERTLEVEL,0,0,4734,0,resolved
Weber,weber,C:\Mac\Home\Documents\working\utrans\county_obtained\Weber\WeberCounty_20260729.gdb\weber_centerline,POSTDIR,SUFDIR,E,E,2177,E,resolved
Weber,weber,C:\Mac\Home\Documents\working\utrans\county_obtained\Weber\WeberCounty_20260729.gdb\weber_centerline,POSTDIR,SUFDIR,N,N,2386,N,resolved
Weber,weber,C:\Mac\Home\Documents\working\utrans\county_obtained\Weber\WeberCounty_20260729.gdb\weber_centerline,POSTDIR,SUFDIR,S,S,3286,S,resolved
Weber,weber,C:\Mac\Home\Documents\working\utrans\county_obtained\Weber\WeberCounty_20260729.gdb\weber_centerline,POSTDIR,SUFDIR,W,W,3641,W,resolved
Weber,weber,C:\Mac\Home\Documents\working\utrans\county_obtained\Weber\WeberCounty_20260729.gdb\weber_centerline,POSTTYPE,STREETTYPE,AVE,AVE,1238,AVE,resolved
Weber,weber,C:\Mac\Home\Documents\working\utrans\county_obtained\Weber\WeberCounty_20260729.gdb\weber_centerline,POSTTYPE,STREETTYPE,BLVD,BLVD,272,BLVD,resolved
Weber,weber,C:\Mac\Home\Documents\working\utrans\county_obtained\Weber\WeberCounty_20260729.gdb\weber_centerline,POSTTYPE,STREETTYPE,CIR,CIR,141,CIR,resolved
Weber,weber,C:\Mac\Home\Documents\working\utrans\county_obtained\Weber\WeberCounty_20260729.gdb\weber_centerline,POSTTYPE,STREETTYPE,CRT,CRT,1,,review
Weber,weber,C:\Mac\Home\Documents\working\utrans\county_obtained\Weber\WeberCounty_20260729.gdb\weber_centerline,POSTTYPE,STREETTYPE,CT,CT,100,CT,resolved
Weber,weber,C:\Mac\Home\Documents\working\utrans\county_obtained\Weber\WeberCounty_20260729.gdb\weber_centerline,POSTTYPE,STREETTYPE,CV,CV,12,CV,resolved
Weber,weber,C:\Mac\Home\Documents\working\utrans\county_obtained\Weber\WeberCounty_20260729.gdb\weber_centerline,POSTTYPE,STREETTYPE,CYN,CYN,32,CYN,resolved
Weber,weber,C:\Mac\Home\Documents\working\utrans\county_obtained\Weber\WeberCounty_20260729.gdb\weber_centerline,POSTTYPE,STREETTYPE,DR,DR,1244,DR,resolved
Weber,weber,C:\Mac\Home\Documents\working\utrans\county_obtained\Weber\WeberCounty_20260729.gdb\weber_centerline,POSTTYPE,STREETTYPE,FWY,FWY,46,FWY,resolved
Weber,weber,C:\Mac\Home\Documents\working\utrans\county_obtained\Weber\WeberCounty_20260729.gdb\weber_centerline,POSTTYPE,STREETTYPE,HOLW,HOLW,6,HOLW,resolved
Weber,weber,C:\Mac\Home\Documents\working\utrans\county_obtained\Weber\WeberCounty_20260729.gdb\weber_centerline,POSTTYPE,STREETTYPE,HWY,HWY,109,HWY,resolved
Weber,weber,C:\Mac\Home\Documents\working\utrans\county_obtained\Weber\WeberCounty_20260729.gdb\weber_centerline,POSTTYPE,STREETTYPE,LN,LN,288,LN,resolved
Weber,weber,C:\Mac\Home\Documents\working\utrans\county_obtained\Weber\WeberCounty_20260729.gdb\weber_centerline,POSTTYPE,STREETTYPE,LOOP,LOOP,2,LOOP,resolved
Weber,weber,C:\Mac\Home\Documents\working\utrans\county_obtained\Weber\WeberCounty_20260729.gdb\weber_centerline,POSTTYPE,STREETTYPE,PATH,PATH,1,PATH,resolved
Weber,weber,C:\Mac\Home\Documents\working\utrans\county_obtained\Weber\WeberCounty_20260729.gdb\weber_centerline,POSTTYPE,STREETTYPE,PKWY,PKWY,50,PKWY,resolved
Weber,weber,C:\Mac\Home\Documents\working\utrans\county_obtained\Weber\WeberCounty_20260729.gdb\weber_centerline,POSTTYPE,STREETTYPE,PL,PL,10,PL,resolved
Weber,weber,C:\Mac\Home\Documents\working\utrans\county_obtained\Weber\WeberCounty_20260729.gdb\weber_centerline,POSTTYPE,STREETTYPE,PT,PT,12,PT,resolved
Weber,weber,C:\Mac\Home\Documents\working\utrans\county_obtained\Weber\WeberCounty_20260729.gdb\weber_centerline,POSTTYPE,STREETTYPE,RAMP,RAMP,60,RAMP,resolved
Weber,weber,C:\Mac\Home\Documents\working\utrans\county_obtained\Weber\WeberCounty_20260729.gdb\weber_centerline,POSTTYPE,STREETTYPE,RD,RD,582,RD,resolved
Weber,weber,C:\Mac\Home\Documents\working\utrans\county_obtained\Weber\WeberCounty_20260729.gdb\weber_centerline,POSTTYPE,STREETTYPE,RDG,RDG,4,RDG,resolved
Weber,weber,C:\Mac\Home\Documents\working\utrans\county_obtained\Weber\WeberCounty_20260729.gdb\weber_centerline,POSTTYPE,STREETTYPE,ROW,ROW,2,ROW,resolved
Weber,weber,C:\Mac\Home\Documents\working\utrans\county_obtained\Weber\WeberCounty_20260729.gdb\weber_centerline,POSTTYPE,STREETTYPE,RR,RR,108,,review
Weber,weber,C:\Mac\Home\Documents\working\utrans\county_obtained\Weber\WeberCounty_20260729.gdb\weber_centerline,POSTTYPE,STREETTYPE,ST,ST,10438,ST,resolved
Weber,weber,C:\Mac\Home\Documents\working\utrans\county_obtained\Weber\WeberCounty_20260729.gdb\weber_centerline,POSTTYPE,STREETTYPE,TRL,TRL,12,TRL,resolved
Weber,weber,C:\Mac\Home\Documents\working\utrans\county_obtained\Weber\WeberCounty_20260729.gdb\weber_centerline,POSTTYPE,STREETTYPE,WAY,WAY,214,WAY,resolved
Weber,weber,C:\Mac\Home\Documents\working\utrans\county_obtained\Weber\WeberCounty_20260729.gdb\weber_centerline,POSTTYPE,STREETTYPE,XING,XING,3,XING,resolved
Weber,weber,C:\Mac\Home\Documents\working\utrans\county_obtained\Weber\WeberCounty_20260729.gdb\weber_centerline,PREDIR,PREDIR,E,E,2115,E,resolved
Weber,weber,C:\Mac\Home\Documents\working\utrans\county_obtained\Weber\WeberCounty_20260729.gdb\weber_centerline,PREDIR,PREDIR,N,N,2699,N,resolved
Weber,weber,C:\Mac\Home\Documents\working\utrans\county_obtained\Weber\WeberCounty_20260729.gdb\weber_centerline,PREDIR,PREDIR,S,S,3464,S,resolved
Weber,weber,C:\Mac\Home\Documents\working\utrans\county_obtained\Weber\WeberCounty_20260729.gdb\weber_centerline,PREDIR,PREDIR,W,W,3844,W,resolved
Weber,weber,C:\Mac\Home\Documents\working\utrans\county_obtained\Weber\WeberCounty_20260729.gdb\weber_centerline,SPEED_LMT,SPEEDLIMIT,0.0,0.0,195,,review
Weber,weber,C:\Mac\Home\Documents\working\utrans\county_obtained\Weber\WeberCounty_20260729.gdb\weber_centerline,SPEED_LMT,SPEEDLIMIT,1.0,1.0,1,,review
Weber,weber,C:\Mac\Home\Documents\working\utrans\county_obtained\Weber\WeberCounty_20260729.gdb\weber_centerline,SPEED_LMT,SPEEDLIMIT,10.0,10.0,1,,review
Weber,weber,C:\Mac\Home\Documents\working\utrans\county_obtained\Weber\WeberCounty_20260729.gdb\weber_centerline,SPEED_LMT,SPEEDLIMIT,15.0,15.0,7,,review
Weber,weber,C:\Mac\Home\Documents\working\utrans\county_obtained\Weber\WeberCounty_20260729.gdb\weber_centerline,SPEED_LMT,SPEEDLIMIT,19.0,19.0,4,,review
Weber,weber,C:\Mac\Home\Documents\working\utrans\county_obtained\Weber\WeberCounty_20260729.gdb\weber_centerline,SPEED_LMT,SPEEDLIMIT,25.0,25.0,12513,,review
Weber,weber,C:\Mac\Home\Documents\working\utrans\county_obtained\Weber\WeberCounty_20260729.gdb\weber_centerline,SPEED_LMT,SPEEDLIMIT,30.0,30.0,493,,review
Weber,weber,C:\Mac\Home\Documents\working\utrans\county_obtained\Weber\WeberCounty_20260729.gdb\weber_centerline,SPEED_LMT,SPEEDLIMIT,35.0,35.0,911,,review
Weber,weber,C:\Mac\Home\Documents\working\utrans\county_obtained\Weber\WeberCounty_20260729.gdb\weber_centerline,SPEED_LMT,SPEEDLIMIT,40.0,40.0,476,,review
Weber,weber,C:\Mac\Home\Documents\working\utrans\county_obtained\Weber\WeberCounty_20260729.gdb\weber_centerline,SPEED_LMT,SPEEDLIMIT,45.0,45.0,116,,review
Weber,weber,C:\Mac\Home\Documents\working\utrans\county_obtained\Weber\WeberCounty_20260729.gdb\weber_centerline,SPEED_LMT,SPEEDLIMIT,50.0,50.0,261,,review
Weber,weber,C:\Mac\Home\Documents\working\utrans\county_obtained\Weber\WeberCounty_20260729.gdb\weber_centerline,SPEED_LMT,SPEEDLIMIT,55.0,55.0,164,,review
Weber,weber,C:\Mac\Home\Documents\working\utrans\county_obtained\Weber\WeberCounty_20260729.gdb\weber_centerline,SPEED_LMT,SPEEDLIMIT,60.0,60.0,4,,review
Weber,weber,C:\Mac\Home\Documents\working\utrans\county_obtained\Weber\WeberCounty_20260729.gdb\weber_centerline,SPEED_LMT,SPEEDLIMIT,65.0,65.0,15,,review
